OTC/专科药品,家庭常备,http://search.km1818.com/10/operCateSearch.action?oid=2984,清热解毒,http://search.km1818.com/10/operCateSearch.action?oid=13700,"
				
				众生丸(浓缩丸) 60丸/瓶/盒 标准装
				",清热解毒，活血凉血，消炎止痛。用于上呼吸道感染，急、慢性咽喉炎，急性扁桃腺炎等症。,￥11.00,http://www.km1818.com/products/42631.html
OTC/专科药品,家庭常备,http://search.km1818.com/10/operCateSearch.action?oid=2984,清热解毒,http://search.km1818.com/10/operCateSearch.action?oid=13700,"
				
				玉叶解毒颗粒(三金) 12克*12袋/盒 
				",清热解毒，辛凉解表，清暑利湿，生津利咽。用于外感风热引起的感冒咳嗽，咽喉炎，口干，咽喉肿痛，小便短赤，预防中暑。,￥14.00,http://www.km1818.com/products/5642.html
OTC/专科药品,家庭常备,http://search.km1818.com/10/operCateSearch.action?oid=2984,清热解毒,http://search.km1818.com/10/operCateSearch.action?oid=13700,"
				
				上清丸(陈李济) 9g/丸*10丸
				",清热散风，解毒，通便。用于头晕耳鸣，目赤，鼻窦炎，口舌生疮，牙龈肿痛，大便秘结。,￥10.90,http://www.km1818.com/products/8682.html
OTC/专科药品,家庭常备,http://search.km1818.com/10/operCateSearch.action?oid=2984,腹痛腹泻,http://search.km1818.com/10/operCateSearch.action?oid=14531,"
				
					",调和肝脾，涩肠止痛。用于肝脾不和，泻痢腹痛，慢性非特异性溃疡性结肠炎见上述症候者。,￥16.00,http://www.km1818.com/products/15326.html
OTC/专科药品,家庭常备,http://search.km1818.com/10/operCateSearch.action?oid=2984,创可贴,http://search.km1818.com/10/operCateSearch.action?oid=14539,"
				
				恒健止血贴(创可贴) 18mm*70mm/片*100片/盒
				",供外科小创口止血护理用。,￥9.80,http://www.km1818.com/products/8935.html
OTC/专科药品,家庭常备,http://search.km1818.com/10/operCateSearch.action?oid=2984,牙痛,http://search.km1818.com/10/operCateSearch.action?oid=14536,"
				
					",适应症为抑郁性精神障碍(内源性及非内源性抑郁)。,￥130.00,http://www.km1818.com/products/117256.html
OTC/专科药品,家庭常备,http://search.km1818.com/10/operCateSearch.action?oid=2984,消炎药,http://search.km1818.com/10/operCateSearch.action?oid=14534,"
				
				吉民 林可霉素利多卡因凝胶 20g/盒
				",用于轻度烧伤、创伤及蚊虫叮咬引起的各种皮肤感染。,￥6.00,http://www.km1818.com/products/117393.html
OTC/专科药品,家庭常备,http://search.km1818.com/10/operCateSearch.action?oid=2984,消化不良,http://search.km1818.com/10/operCateSearch.action?oid=14538,"
				
				保和口服液(宏兴) 10ml*6瓶/盒 
				",消食导滞，和胃。用于食积停滞，脘腹胀满，嗳腐吞酸，不欲饮食。,￥9.20,http://www.km1818.com/products/5019.html
OTC/专科药品,家庭常备,http://search.km1818.com/10/operCateSearch.action?oid=2984,感冒咳嗽,http://search.km1818.com/10/operCateSearch.action?oid=14529,"
				
				999 感冒灵胶囊 0.5g*12粒
				",解热镇痛。用于感冒引起的头痛、发热、鼻塞流涕、咽痛。,￥15.00,http://www.km1818.com/products/117394.html
OTC/专科药品,家庭常备,http://search.km1818.com/10/operCateSearch.action?oid=2984,发热头痛,http://search.km1818.com/10/operCateSearch.action?oid=2986,"
				
				复方锌布颗粒剂(臣功再欣) 12包/盒 
				",用于缓解普通感冒或流行性感冒引起的发热、头痛、四肢酸痛、鼻塞、流涕、打喷嚏等症状。,￥11.50,http://www.km1818.com/products/4943.html
OTC/专科药品,家庭常备,http://search.km1818.com/10/operCateSearch.action?oid=2984,消炎药,http://search.km1818.com/10/operCateSearch.action?oid=14534,"
				
				碘酊(恒健)(碘酒) 20ml/瓶
				",用于皮肤感染和消毒。,￥1.30,http://www.km1818.com/products/7850.html
OTC/专科药品,家庭常备,http://search.km1818.com/10/operCateSearch.action?oid=2984,消化不良,http://search.km1818.com/10/operCateSearch.action?oid=14538,"
				
				大山楂丸(同仁堂) 9g*10丸/盒
				",开胃消食。用于食积内停所致的食欲不振、消化不良、脘腹胀闷。,￥10.77,http://www.km1818.com/products/81170.html
OTC/专科药品,家庭常备,http://search.km1818.com/10/operCateSearch.action?oid=2984,感冒咳嗽,http://search.km1818.com/10/operCateSearch.action?oid=14529,"
				
				维C银翘片(德众) 12片/盒
				",疏风解表，清热解毒。用于外感风热所致的流行性感冒，症见发热、头痛、咳嗽、口干、咽喉疼痛。,￥5.90,http://www.km1818.com/products/16284.html
OTC/专科药品,家庭常备,http://search.km1818.com/10/operCateSearch.action?oid=2984,皮肤过敏,http://search.km1818.com/10/operCateSearch.action?oid=14533,"
				
					",用于对皮质类固醇治疗有效的各种皮肤病，如接触性皮炎、神经性皮炎、脂溢性皮炎、湿疹、银屑病、扁平苔藓、单纯性苔藓、汗疱症等引起的皮肤炎症和皮肤瘙痒的治疗。,￥26.80,http://www.km1818.com/products/117133.html
OTC/专科药品,家庭常备,http://search.km1818.com/10/operCateSearch.action?oid=2984,发热头痛,http://search.km1818.com/10/operCateSearch.action?oid=2986,"
				
				酚咖片(加合百服宁) 10片/板/盒 
				",用于普通感冒或流行性感冒引起的发热。也用于缓解轻至中度疼痛，如头痛、偏头痛、牙痛、神经痛、肌肉痛、痛经及关节痛等。,￥8.20,http://www.km1818.com/products/4968.html
OTC/专科药品,家庭常备,http://search.km1818.com/10/operCateSearch.action?oid=2984,消化不良,http://search.km1818.com/10/operCateSearch.action?oid=14538,"
				
				化积口服液(强丰) 10毫升/支*6支
				",健脾导滞，化积除疳。用于脾胃虚弱所致的疳积，症见面黄肌瘦、腹胀腹痛、厌食或食欲不振、大便失调。,￥9.30,http://www.km1818.com/products/8361.html
OTC/专科药品,呼吸科/肠胃科,http://search.km1818.com/10/operCateSearch.action?oid=2995,反酸/胃酸,http://search.km1818.com/10/operCateSearch.action?oid=2997,"
				
				枸橼酸铋钾颗粒(丽珠得乐) 
				",56袋/盒，用于慢性胃炎及缓解胃酸过多引起的胃痛、胃灼热感(烧心)和反酸。,￥39.80,http://www.km1818.com/products/5010.html
OTC/专科药品,呼吸科/肠胃科,http://search.km1818.com/10/operCateSearch.action?oid=2995,腹泻,http://search.km1818.com/10/operCateSearch.action?oid=2999,"
				
					",调和肝脾，涩肠止痛。用于肝脾不和，泻痢腹痛，慢性非特异性溃疡性结肠炎见上述症候者。,￥16.00,http://www.km1818.com/products/15326.html
OTC/专科药品,呼吸科/肠胃科,http://search.km1818.com/10/operCateSearch.action?oid=2995,驱虫药,http://search.km1818.com/10/operCateSearch.action?oid=3001,"
				
				阿苯达唑片(史克肠虫清) 10片/盒 
				",用于蛔虫病、蛲虫病。,￥11.90,http://www.km1818.com/products/5004.html
OTC/专科药品,呼吸科/肠胃科,http://search.km1818.com/10/operCateSearch.action?oid=2995,痔疮,http://search.km1818.com/10/operCateSearch.action?oid=3003,"
				
				化痔栓(敬修堂) 10粒/盒 
				",清热燥湿，收涩止血。用于大肠湿热所致的内外痔，混合痔疮。,￥16.10,http://www.km1818.com/products/5407.html
OTC/专科药品,呼吸科/肠胃科,http://search.km1818.com/10/operCateSearch.action?oid=2995,胃痛/胃炎,http://search.km1818.com/10/operCateSearch.action?oid=2996,"
				
					",清热利湿，收敛止痛。用于急性胃肠炎、消化不良引起的腹痛、腹泻、呕吐。,￥2.00,http://www.km1818.com/products/15265.html
OTC/专科药品,家庭常备,http://search.km1818.com/10/operCateSearch.action?oid=2984,感冒咳嗽,http://search.km1818.com/10/operCateSearch.action?oid=14529,"
				
				氨咖黄敏胶囊(禾穂速校) 12粒/盒 
				",适用于缓解普通感冒及流行性感冒引起的发热、头痛、四肢酸痛、打喷嚏、流鼻涕、鼻塞、咽痛等症状。,￥5.50,http://www.km1818.com/products/4946.html
OTC/专科药品,家庭常备,http://search.km1818.com/10/operCateSearch.action?oid=2984,皮肤过敏,http://search.km1818.com/10/operCateSearch.action?oid=14533,"
				
					",适应症为适用于慢性湿疹、银屑病、扁平苔藓、盘状红斑狼疮、神经性皮炎、掌跖脓疱病等皮质类固醇外用治疗有效的皮肤病。,￥5.00,http://www.km1818.com/products/117266.html
OTC/专科药品,家庭常备,http://search.km1818.com/10/operCateSearch.action?oid=2984,发热头痛,http://search.km1818.com/10/operCateSearch.action?oid=2986,"
				
				销量统计测试商品，不能购买 30g（0.3g/片*100片）
				",销量统计测试商品，不能购买,￥0.01,http://www.km1818.com/products/78021.html
OTC/专科药品,呼吸科/肠胃科,http://search.km1818.com/10/operCateSearch.action?oid=2995,胃痛/胃炎,http://search.km1818.com/10/operCateSearch.action?oid=2996,"
				
				枸橼酸铋钾颗粒(丽珠得乐) 
				",56袋/盒，用于慢性胃炎及缓解胃酸过多引起的胃痛、胃灼热感(烧心)和反酸。,￥39.80,http://www.km1818.com/products/5010.html
OTC/专科药品,呼吸科/肠胃科,http://search.km1818.com/10/operCateSearch.action?oid=2995,止咳平喘,http://search.km1818.com/10/operCateSearch.action?oid=14625,"
				
				咳特灵片(一力) 
				",（效期至2018/11/30）镇咳，祛痰，平喘，消炎。用于咳喘及慢性支气管炎咳嗽。100片/瓶/盒,￥10.00,http://www.km1818.com/products/5300.html
OTC/专科药品,家庭常备,http://search.km1818.com/10/operCateSearch.action?oid=2984,感冒咳嗽,http://search.km1818.com/10/operCateSearch.action?oid=14529,"
				
				对乙酰氨基酚片(必理通) 10片/盒 
				",用于普通感冒或流行性感冒引起的发热，也用于缓解轻至中度疼痛如头痛、关节痛、偏头痛、牙痛、肌肉痛、神经痛、痛经。,￥4.50,http://www.km1818.com/products/4960.html
OTC/专科药品,呼吸科/肠胃科,http://search.km1818.com/10/operCateSearch.action?oid=2995,便秘排毒,http://search.km1818.com/10/operCateSearch.action?oid=3002,"
				
				麻仁软胶囊 0.6g*10粒/盒  
				",润肠通便。用于肠燥便秘。,￥9.30,http://www.km1818.com/products/5025.html
OTC/专科药品,家庭常备,http://search.km1818.com/10/operCateSearch.action?oid=2984,皮肤过敏,http://search.km1818.com/10/operCateSearch.action?oid=14533,"
				
				糠酸莫米松乳膏(艾洛松) 10g/支/盒
				",用于湿疹、神经性皮炎、异位性皮炎及皮肤瘙痒症。,￥22.10,http://www.km1818.com/products/72431.html
OTC/专科药品,家庭常备,http://search.km1818.com/10/operCateSearch.action?oid=2984,发热头痛,http://search.km1818.com/10/operCateSearch.action?oid=2986,"
				
				对乙酰氨基酚栓(敬修堂) 1.5g（0.15g/粒*10粒）
				",用于儿童普通感冒或流行性感冒引起的发热，也用于缓解轻至中度疼痛如头痛、关节痛、偏头痛、牙痛、肌肉痛、神经痛。,￥2.50,http://www.km1818.com/products/7868.html
OTC/专科药品,呼吸科/肠胃科,http://search.km1818.com/10/operCateSearch.action?oid=2995,中药养胃,http://search.km1818.com/10/operCateSearch.action?oid=3000,"
				
					",清热利湿，收敛止痛。用于急性胃肠炎、消化不良引起的腹痛、腹泻、呕吐。,￥2.00,http://www.km1818.com/products/15265.html
OTC/专科药品,呼吸科/肠胃科,http://search.km1818.com/10/operCateSearch.action?oid=2995,消化不良/胃胀,http://search.km1818.com/10/operCateSearch.action?oid=2998,"
				
				保和口服液(宏兴) 10ml*6瓶/盒 
				",消食导滞，和胃。用于食积停滞，脘腹胀满，嗳腐吞酸，不欲饮食。,￥9.20,http://www.km1818.com/products/5019.html
OTC/专科药品,呼吸科/肠胃科,http://search.km1818.com/10/operCateSearch.action?oid=2995,胃痛/胃炎,http://search.km1818.com/10/operCateSearch.action?oid=2996,"
				
				腹可安片(中智) 
				",清热利湿，收敛止痛。用于消化不良引起的腹痛、腹泻，呕吐。24片/盒,￥4.90,http://www.km1818.com/products/5031.html
OTC/专科药品,呼吸科/肠胃科,http://search.km1818.com/10/operCateSearch.action?oid=2995,止咳平喘,http://search.km1818.com/10/operCateSearch.action?oid=14625,"
				
				京都念慈菴蜜炼川贝枇杷膏 150毫升/瓶/盒 
				",润肺化痰、止咳平喘、护喉利咽、生津补气、调心降火。本品适用于伤风咳嗽、痰稠、痰多气喘、咽喉干痒及声音嘶哑。,￥24.70,http://www.km1818.com/products/55288.html
OTC/专科药品,家庭常备,http://search.km1818.com/10/operCateSearch.action?oid=2984,感冒咳嗽,http://search.km1818.com/10/operCateSearch.action?oid=14529,"
				
				复方氨酚烷胺胶囊(仁和可立克) 10粒/盒 
				",适用于缓解普通感冒及流行性感冒引起的发热、头痛、四肢酸痛、打喷嚏、流鼻涕、鼻塞、咽痛等症状，也可用于流行性感冒的预防和治疗。,￥8.10,http://www.km1818.com/products/4974.html
OTC/专科药品,呼吸科/肠胃科,http://search.km1818.com/10/operCateSearch.action?oid=2995,便秘排毒,http://search.km1818.com/10/operCateSearch.action?oid=3002,"
				
				开塞露(敬修堂) 
				",20毫升/盒 用于便秘。,￥1.30,http://www.km1818.com/products/5446.html
OTC/专科药品,呼吸科/肠胃科,http://search.km1818.com/10/operCateSearch.action?oid=2995,中药养胃,http://search.km1818.com/10/operCateSearch.action?oid=3000,"
				
				肚痛健胃整肠丸(钓鱼牌) 
				",用于消化不良，水土不服和食物不洁所致肠胃不适，腹胀肚痛，泄泻。35粒/盒,￥30.00,http://www.km1818.com/products/5006.html
OTC/专科药品,呼吸科/肠胃科,http://search.km1818.com/10/operCateSearch.action?oid=2995,消化不良/胃胀,http://search.km1818.com/10/operCateSearch.action?oid=2998,"
				
				大山楂丸(同仁堂) 9g*10丸/盒
				",开胃消食。用于食积内停所致的食欲不振、消化不良、脘腹胀闷。,￥10.77,http://www.km1818.com/products/81170.html
OTC/专科药品,呼吸科/肠胃科,http://search.km1818.com/10/operCateSearch.action?oid=2995,中药养胃,http://search.km1818.com/10/operCateSearch.action?oid=3000,"
				
				腹可安片(中智) 
				",清热利湿，收敛止痛。用于消化不良引起的腹痛、腹泻，呕吐。24片/盒,￥4.90,http://www.km1818.com/products/5031.html
OTC/专科药品,呼吸科/肠胃科,http://search.km1818.com/10/operCateSearch.action?oid=2995,消化不良/胃胀,http://search.km1818.com/10/operCateSearch.action?oid=2998,"
				
				化积口服液(强丰) 10毫升/支*6支
				",健脾导滞，化积除疳。用于脾胃虚弱所致的疳积，症见面黄肌瘦、腹胀腹痛、厌食或食欲不振、大便失调。,￥9.30,http://www.km1818.com/products/8361.html
OTC/专科药品,呼吸科/肠胃科,http://search.km1818.com/10/operCateSearch.action?oid=2995,中药养胃,http://search.km1818.com/10/operCateSearch.action?oid=3000,"
				
				藿香正气滴丸(天士力) 2.6g/袋*9袋
				",解表化湿，理气和中。用于外感风寒，内伤湿滞，头痛昏重，脘腹胀痛，呕吐泄泻，胃肠型感冒。,￥20.00,http://www.km1818.com/products/8160.html
OTC/专科药品,风湿骨科,http://search.km1818.com/10/operCateSearch.action?oid=14657,风湿骨痛,http://search.km1818.com/10/operCateSearch.action?oid=14664,"
				
				陪都麒麟膏 壮骨麝香止痛膏 4贴/袋 
				",祛风湿，活血止痛。用于风湿关节、肌肉痛、扭伤。,￥1.20,http://www.km1818.com/products/5448.html
OTC/专科药品,风湿骨科,http://search.km1818.com/10/operCateSearch.action?oid=14657,风湿骨痛,http://search.km1818.com/10/operCateSearch.action?oid=14664,"
				
				消痛贴膏(奇正) 5贴/盒
				",活血化瘀，消肿止痛。用于急慢性扭挫伤、跌打瘀痛、骨质增生、风湿及类风湿疼痛。亦适用于落枕、肩周炎、腰肌劳损和陈旧性伤痛等。,￥60.40,http://www.km1818.com/products/70426.html
OTC/专科药品,皮肤科,http://search.km1818.com/10/operCateSearch.action?oid=14696,体癣,http://search.km1818.com/10/operCateSearch.action?oid=14698,"
				
				复方土槿皮酊(敬修堂)  
				",杀菌，止痒。适用于趾痒、皮肤滋痒、一般癣疾。15毫克/盒,￥3.20,http://www.km1818.com/products/5368.html
OTC/专科药品,皮肤科,http://search.km1818.com/10/operCateSearch.action?oid=14696,体癣,http://search.km1818.com/10/operCateSearch.action?oid=14698,"
				
				复方聚维酮碘搽剂（亮甲） 3ml*2瓶/盒
				",用于足癣、体癣、头癣、花斑癣、手癣、甲癣；并发细菌感染也可使用。,￥75.90,http://www.km1818.com/products/54255.html
OTC/专科药品,皮肤科,http://search.km1818.com/10/operCateSearch.action?oid=14696,皮炎,http://search.km1818.com/10/operCateSearch.action?oid=14697,"
				
					",用于对皮质类固醇治疗有效的各种皮肤病，如接触性皮炎、神经性皮炎、脂溢性皮炎、湿疹、银屑病、扁平苔藓、单纯性苔藓、汗疱症等引起的皮肤炎症和皮肤瘙痒的治疗。,￥26.80,http://www.km1818.com/products/117133.html
OTC/专科药品,皮肤科,http://search.km1818.com/10/operCateSearch.action?oid=14696,烧伤烫伤,http://search.km1818.com/10/operCateSearch.action?oid=14701,"
				
				吉民 林可霉素利多卡因凝胶 20g/盒
				",用于轻度烧伤、创伤及蚊虫叮咬引起的各种皮肤感染。,￥6.00,http://www.km1818.com/products/117393.html
OTC/专科药品,皮肤科,http://search.km1818.com/10/operCateSearch.action?oid=14696,体癣,http://search.km1818.com/10/operCateSearch.action?oid=14698,"
				
				珊瑚癣净(神奇)  
				",杀菌，止痒。用于脚癣、手癣、指(趾)甲癣。250毫升/瓶/盒,￥18.70,http://www.km1818.com/products/5449.html
OTC/专科药品,皮肤科,http://search.km1818.com/10/operCateSearch.action?oid=14696,皮炎,http://search.km1818.com/10/operCateSearch.action?oid=14697,"
				
					",适应症为适用于慢性湿疹、银屑病、扁平苔藓、盘状红斑狼疮、神经性皮炎、掌跖脓疱病等皮质类固醇外用治疗有效的皮肤病。,￥5.00,http://www.km1818.com/products/117266.html
OTC/专科药品,慢性病用药,http://search.km1818.com/10/operCateSearch.action?oid=14639,冠心病,http://search.km1818.com/10/operCateSearch.action?oid=14642,"
				
					",活血化瘀，理气止痛。用于气滞血瘀所致的胸痹，症见胸闷、心前区刺痛；冠心病心绞痛见上述证候者。,￥38.00,http://www.km1818.com/products/117135.html
OTC/专科药品,皮肤科,http://search.km1818.com/10/operCateSearch.action?oid=14696,烧伤烫伤,http://search.km1818.com/10/operCateSearch.action?oid=14701,"
				
				碘酊(恒健)(碘酒) 20ml/瓶
				",用于皮肤感染和消毒。,￥1.30,http://www.km1818.com/products/7850.html
OTC/专科药品,皮肤科,http://search.km1818.com/10/operCateSearch.action?oid=14696,体癣,http://search.km1818.com/10/operCateSearch.action?oid=14698,"
				
				复方土槿皮酊(恒健) 15ml/瓶
				",杀菌、止痒。适用于趾痒、皮肤滋养、一般癣疾。,￥1.30,http://www.km1818.com/products/8688.html
OTC/专科药品,慢性病用药,http://search.km1818.com/10/operCateSearch.action?oid=14639,慢性肝炎,http://search.km1818.com/10/operCateSearch.action?oid=14644,"
				
					",适应症为本品适用于病毒复制活跃，血清转氨酶ALT持续升高或肝脏组织学显示有活动性病变的慢性成人乙型肝炎的治疗。,￥139.00,http://www.km1818.com/products/117177.html
OTC/专科药品,皮肤科,http://search.km1818.com/10/operCateSearch.action?oid=14696,皮炎,http://search.km1818.com/10/operCateSearch.action?oid=14697,"
				
				糠酸莫米松乳膏(艾洛松) 10g/支/盒
				",用于湿疹、神经性皮炎、异位性皮炎及皮肤瘙痒症。,￥22.10,http://www.km1818.com/products/72431.html
OTC/专科药品,慢性病用药,http://search.km1818.com/10/operCateSearch.action?oid=14639,冠心病,http://search.km1818.com/10/operCateSearch.action?oid=14642,"
				
					",活血化瘀，理气止痛。用于气滞血瘀所致的胸痹，症见胸闷、心前区刺痛；冠心病心绞痛见上述证候者。,￥25.00,http://www.km1818.com/products/14830.html
OTC/专科药品,皮肤科,http://search.km1818.com/10/operCateSearch.action?oid=14696,体癣,http://search.km1818.com/10/operCateSearch.action?oid=14698,"
				
				克霉唑溶液(白云山)  8ml/瓶
				",用于体癣、股癣、手癣、足癣、花斑癣、头癣以及念珠菌性甲沟炎。,￥2.30,http://www.km1818.com/products/8689.html
OTC/专科药品,慢性病用药,http://search.km1818.com/10/operCateSearch.action?oid=14639,慢性肝炎,http://search.km1818.com/10/operCateSearch.action?oid=14644,"
				
					",本品适用于病毒复制活跃，血清丙氨酸氨基转移酶(ALT)持续升高或肝脏组织学显示有活动性病变的慢性成人乙型肝炎的治疗。,￥85.00,http://www.km1818.com/products/117277.html
OTC/专科药品,男性科,http://search.km1818.com/10/operCateSearch.action?oid=13648,性功能障碍,http://search.km1818.com/10/operCateSearch.action?oid=13653,"
				
					",适应症为西地那非适用于治疗勃起功能障碍。,￥418.00,http://www.km1818.com/products/117179.html
OTC/专科药品,男性科,http://search.km1818.com/10/operCateSearch.action?oid=13648,性功能障碍,http://search.km1818.com/10/operCateSearch.action?oid=13653,"
				
					",治疗男性勃起功能障碍,￥438.00,http://www.km1818.com/products/117315.html
OTC/专科药品,男性科,http://search.km1818.com/10/operCateSearch.action?oid=13648,性功能障碍,http://search.km1818.com/10/operCateSearch.action?oid=13653,"
				
					",治疗男性勃起功能障碍,￥850.00,http://www.km1818.com/products/117316.html
OTC/专科药品,男性科,http://search.km1818.com/10/operCateSearch.action?oid=13648,前列腺炎,http://search.km1818.com/10/operCateSearch.action?oid=13654,"
				
					",清热解毒，利湿通淋，益肾。适应症详见说明书。,￥22.00,http://www.km1818.com/products/27324.html
OTC/专科药品,男性科,http://search.km1818.com/10/operCateSearch.action?oid=13648,补肾,http://search.km1818.com/10/operCateSearch.action?oid=13650,"
				
				同仁堂 五子衍宗丸 60g/瓶/盒*10盒
				",补肾益精。用于肾虚精亏所致的阳痿不育、遗精早泄、腰痛、尿后余沥。,￥220.00,http://www.km1818.com/products/113249.html
OTC/专科药品,男性科,http://search.km1818.com/10/operCateSearch.action?oid=13648,补肾,http://search.km1818.com/10/operCateSearch.action?oid=13650,"
				
				仲景 麦味地黄丸(浓缩丸) 200丸/盒
				",滋肾养肺。用于肺肾阴亏，潮热盗汗，咽干，眩晕耳鸣，腰膝酸软。,￥11.50,http://www.km1818.com/products/113287.html
OTC/专科药品,妇产科,http://search.km1818.com/10/operCateSearch.action?oid=13636,妇科外用药,http://search.km1818.com/10/operCateSearch.action?oid=13638,"
				
				复方莪术油栓（康妇特） 50mg*6粒/盒 
				",用于念珠菌性外阴阴道病、滴虫性阴道炎。,￥19.90,http://www.km1818.com/products/5243.html
OTC/专科药品,妇产科,http://search.km1818.com/10/operCateSearch.action?oid=13636,月经不调/痛经,http://search.km1818.com/10/operCateSearch.action?oid=13637,"
				
				同仁堂 坤宝丸 50丸*10袋*3
				",滋补肝肾，镇静安神，养血通络。用于妇女绝经前后，肝肾阴虚引起的月经紊乱，潮热多汗，失眠健忘，心烦易怒，头晕耳鸣，咽干口喝，四肢酸楚，关节疼痛。,￥56.70,http://www.km1818.com/products/116932.html
OTC/专科药品,男性科,http://search.km1818.com/10/operCateSearch.action?oid=13648,补肾,http://search.km1818.com/10/operCateSearch.action?oid=13650,"
				
				仲景 桂附地黄丸 200丸/盒*10盒
				","温补肾阳。用于腰膝酸软,肢冷尿频。",￥136.00,http://www.km1818.com/products/113295.html
OTC/专科药品,妇产科,http://search.km1818.com/10/operCateSearch.action?oid=13636,月经不调/痛经,http://search.km1818.com/10/operCateSearch.action?oid=13637,"
				
				同仁堂 乌鸡白凤丸 6g*6瓶/盒 
				",补气养血，调经止带。用于气血两亏引起：月经不调，行经腹痛，少腹冷痛，体弱乏力，腰酸腿软。,￥50.00,http://www.km1818.com/products/5252.html
OTC/专科药品,男性科,http://search.km1818.com/10/operCateSearch.action?oid=13648,补肾,http://search.km1818.com/10/operCateSearch.action?oid=13650,"
				
					",滋阴清热，补肾益肺。用于肺肾两亏，虚劳咳嗽，潮热骨蒸，盗汗，遗精，腰膝酸软等阴虚症状。在肿瘤化疗中，对骨髓、肝、肾功能有保护作用。,￥35.00,http://www.km1818.com/products/117251.html
OTC/专科药品,妇产科,http://search.km1818.com/10/operCateSearch.action?oid=13636,妇科炎症,http://search.km1818.com/10/operCateSearch.action?oid=13640,"
				
				花红 花红片 48片/盒 
				",【效期至2019/01】清热解毒，燥湿止带，祛瘀止痛。用于湿热瘀滞所致带下病、月经不调，症见带下量多、色黄质稠、小腹隐痛、腰骶酸痛、经行腹痛;慢性盆腔炎、附件炎见上述证候者。,￥16.50,http://www.km1818.com/products/5246.html
OTC/专科药品,心脑血管疾病,http://search.km1818.com/10/operCateSearch.action?oid=13617,改善血液循环,http://search.km1818.com/10/operCateSearch.action?oid=13618,"
				
					",补气活血，活血通络。具有扩张血管，增加脑血流量作用。适应症详见说明书。,￥13.50,http://www.km1818.com/products/35846.html
OTC/专科药品,妇产科,http://search.km1818.com/10/operCateSearch.action?oid=13636,月经不调/痛经,http://search.km1818.com/10/operCateSearch.action?oid=13637,"
				
				德众 元胡止痛片 24片/盒 
				",【效期至2018/10/14】理气，活血，止痛。用于气滞血瘀所致的胃痛，胁痛，头痛及痛经。,￥4.80,http://www.km1818.com/products/5680.html
OTC/专科药品,男性科,http://search.km1818.com/10/operCateSearch.action?oid=13648,补肾,http://search.km1818.com/10/operCateSearch.action?oid=13650,"
				
				仲景 六味地黄丸(浓缩丸) 200丸/盒 
				",滋阴补肾。用于肾阴亏损，头晕耳鸣，腰膝酸软，骨蒸潮热，盗汗遗精。（疗程使用效果更佳，选择套餐更实惠）,￥18.50,http://www.km1818.com/products/5075.html
OTC/专科药品,妇产科,http://search.km1818.com/10/operCateSearch.action?oid=13636,妇科炎症,http://search.km1818.com/10/operCateSearch.action?oid=13640,"
				
				恩威 洁尔阴洗液 140毫升
				",本品用于清热燥湿，杀虫止痒。,￥11.50,http://www.km1818.com/products/7985.html
OTC/专科药品,心脑血管疾病,http://search.km1818.com/10/operCateSearch.action?oid=13617,抗动脉粥样硬化药,http://search.km1818.com/10/operCateSearch.action?oid=13622,"
				
					",适应症为用于帕金森病、症状性帕金森综合症（脑炎后、动脉硬化性或中毒性），但不包括药物引起的帕金森综合症。,￥68.00,http://www.km1818.com/products/117216.html
OTC/专科药品,妇产科,http://search.km1818.com/10/operCateSearch.action?oid=13636,月经不调/痛经,http://search.km1818.com/10/operCateSearch.action?oid=13637,"
				
				同仁堂 坤宝丸 50丸*10袋
				",滋补肝肾，镇静安神，养血通络。用于妇女绝经前后，肝肾阴虚引起的月经紊乱，潮热多汗，失眠健忘，心烦易怒，头晕耳鸣，咽干口喝，四肢酸楚，关节疼痛。,￥18.90,http://www.km1818.com/products/76881.html
OTC/专科药品,妇产科,http://search.km1818.com/10/operCateSearch.action?oid=13636,妇科炎症,http://search.km1818.com/10/operCateSearch.action?oid=13640,"
				
				肤阴洁 复方黄松洗液  160毫升
				",清热燥湿，祛风止痒。用于湿热下注所致的阴部瘙痒，或灼热痛，带下量多，色黄；霉菌性、滴虫性阴道炎及外阴炎见以上证候者。,￥14.80,http://www.km1818.com/products/7987.html
OTC/专科药品,心脑血管疾病,http://search.km1818.com/10/operCateSearch.action?oid=13617,血脂调节药,http://search.km1818.com/10/operCateSearch.action?oid=13619,"
				
					",本品用于高胆固醇血症:原发性高胆固醇血症患者，包括家族性高胆固醇血症(杂合子型)或混合性高脂血症(相当于Fredrickson分类法的IIa和IIb型)患者，如果饮食治疗和其它非药物治疗疗效不满意，应用本品可治疗其总胆固醇升高、低密度脂蛋白胆固醇升高、载脂蛋白B升高和甘油三酯升高。详见说明书。,￥47.50,http://www.km1818.com/products/35924.html
OTC/专科药品,心脑血管疾病,http://search.km1818.com/10/operCateSearch.action?oid=13617,中风用药/脑梗塞,http://search.km1818.com/10/operCateSearch.action?oid=13621,"
				
					",益气活血，化瘀通络。用于气虚血滞、脉络瘀阻所致中风中经络，半身不遂、肢体麻木、口眼歪斜、舌强语謇及胸痹心痛、胸闷、心悸、气短；脑梗塞、冠心病心绞痛属上述证候者。,￥25.00,http://www.km1818.com/products/15037.html
OTC/专科药品,心脑血管疾病,http://search.km1818.com/10/operCateSearch.action?oid=13617,抗心绞痛药,http://search.km1818.com/10/operCateSearch.action?oid=13620,"
				
					",活血化瘀，理气止痛。用于气滞血瘀所致的胸痹，症见胸闷、心前区刺痛；冠心病心绞痛见上述证候者。,￥38.00,http://www.km1818.com/products/117135.html
OTC/专科药品,心脑血管疾病,http://search.km1818.com/10/operCateSearch.action?oid=13617,抗心绞痛药,http://search.km1818.com/10/operCateSearch.action?oid=13620,"
				
					",活血化瘀，理气止痛。用于气滞血瘀所致的胸痹，症见胸闷、心前区刺痛；冠心病心绞痛见上述证候者。,￥25.00,http://www.km1818.com/products/14830.html
OTC/专科药品,心脑血管疾病,http://search.km1818.com/10/operCateSearch.action?oid=13617,抗高血压药,http://search.km1818.com/10/operCateSearch.action?oid=13624,"
				
					",本品用于治疗高血压，适用于联合用药治疗的患者。,￥39.80,http://www.km1818.com/products/115998.html
OTC/专科药品,心脑血管疾病,http://search.km1818.com/10/operCateSearch.action?oid=13617,抗高血压药,http://search.km1818.com/10/operCateSearch.action?oid=13624,"
				
					",适应症为高血压．冠心病（心绞痛）。伴有心室收缩功能减退（射血分数≤35%，根据超声心动图确定）的中度至重度慢性稳定性心力衰竭。在使用本品前，需要遵医嘱接受ACE抑制剂、利尿剂和选择性使用强心甙类药物治疗。,￥21.00,http://www.km1818.com/products/117227.html
OTC/专科药品,心脑血管疾病,http://search.km1818.com/10/operCateSearch.action?oid=13617,降血糖药,http://search.km1818.com/10/operCateSearch.action?oid=13625,"
				
					",用于单用饮食控制，运动治疗和减轻体重不足以控制血糖水平的成人2型糖尿病患者。,￥49.00,http://www.km1818.com/products/14760.html
OTC/专科药品,心脑血管疾病,http://search.km1818.com/10/operCateSearch.action?oid=13617,抗高血压药,http://search.km1818.com/10/operCateSearch.action?oid=13624,"
				
					",用于治疗高血压。,￥15.00,http://www.km1818.com/products/14829.html
OTC/专科药品,心脑血管疾病,http://search.km1818.com/10/operCateSearch.action?oid=13617,降血糖药,http://search.km1818.com/10/operCateSearch.action?oid=13625,"
				
					",适用于经饮食控制及体育锻炼2-3个月疗效不满意的轻、中度2型糖尿病患者，这类糖尿病患者的胰岛β细胞需有一定的分泌胰岛素功能，且无急性并发症（如感染、创伤、酮症酸中毒、高渗性昏迷等），不合并妊娠，无严重的慢性并发症。,￥15.20,http://www.km1818.com/products/15043.html
OTC/专科药品,心脑血管疾病,http://search.km1818.com/10/operCateSearch.action?oid=13617,抗高血压药,http://search.km1818.com/10/operCateSearch.action?oid=13624,"
				
					",1、本品适用于高血压的治疗。可单独应用或与其他抗高血压药物合用。2、冠心病：慢性稳定性心绞痛的对症治疗等。详见说明书。,￥34.00,http://www.km1818.com/products/15042.html
OTC/专科药品,心脑血管疾病,http://search.km1818.com/10/operCateSearch.action?oid=13617,降血糖药,http://search.km1818.com/10/operCateSearch.action?oid=13625,"
				
					",用于饮食控制、减轻体重及运动锻炼不能有效控制其高血糖的2型糖尿病（非胰岛素依赖型）患者。当单独使用二甲双胍不能有效控制其高血糖时，瑞格列奈片可与二甲双胍合用。治疗应从饮食控制和运动锻炼降低餐时血糖的辅助治疗开始。,￥59.00,http://www.km1818.com/products/15045.html
OTC/专科药品,少儿科,http://search.km1818.com/10/operCateSearch.action?oid=14648,湿疹,http://search.km1818.com/10/operCateSearch.action?oid=14655,"
				
				佳途 医用退热贴 4贴/盒
				",【效期至2019/02】小儿成人家婴儿物理降温退烧正品退烧贴,￥6.50,http://www.km1818.com/products/118038.html
OTC/专科药品,少儿科,http://search.km1818.com/10/operCateSearch.action?oid=14648,腹泻/便秘,http://search.km1818.com/10/operCateSearch.action?oid=14649,"
				
				三公仔 王老吉 小儿七星茶颗粒 1件120盒
				",开胃消滞，清热定惊。用于小儿积滞化热，消化不良，不思饮食，烦躁易惊，夜寐不安，大便不畅，小便短赤。,￥1500.00,http://www.km1818.com/products/55262.html
OTC/专科药品,少儿科,http://search.km1818.com/10/operCateSearch.action?oid=14648,腹泻/便秘,http://search.km1818.com/10/operCateSearch.action?oid=14649,"
				
				亚宝 丁桂儿脐贴  1.6g*3贴/盒
				",【效期至2018/10/31】健脾温中，散寒止泻。适用于小儿泄泻，腹痛的辅助治疗。,￥9.90,http://www.km1818.com/products/86682.html
OTC/专科药品,少儿科,http://search.km1818.com/10/operCateSearch.action?oid=14648,咳嗽/咳喘,http://search.km1818.com/10/operCateSearch.action?oid=14650,"
				
				神苗 小儿清肺化痰颗粒 6g*10袋/盒
				",清热化痰，止咳平喘。用于小儿肺热感冒引起的咳嗽痰喘。,￥15.00,http://www.km1818.com/products/59330.html
营养保健,维生素,http://search.km1818.com/10/operCateSearch.action?oid=2626,复合维生素,http://search.km1818.com/10/operCateSearch.action?oid=2650,"
				
				惠氏（善存）多维元素片(29) 30片/瓶/盒 
				",用于预防和治疗因维生素与矿物质缺乏所引起的各种疾病。,￥39.80,http://www.km1818.com/products/5474.html
营养保健,维生素,http://search.km1818.com/10/operCateSearch.action?oid=2626,维生素C,http://search.km1818.com/10/operCateSearch.action?oid=2640,"
				
				麦金利维生素c软糖 甜橙味
				",【效期至2019/01】儿童青少年女性成人水果软糖,￥9.90,http://www.km1818.com/products/118033.html
营养保健,矿物质补充,http://search.km1818.com/10/operCateSearch.action?oid=2627,补镁,http://search.km1818.com/10/operCateSearch.action?oid=2654,"
				
				铝碳酸镁片(达喜) 0.5g*20片/盒
				",用于慢性胃炎，与胃酸有关的胃部不适症状，如胃痛、胃灼热感（烧心）、酸性嗳气、饱胀等。（疗程使用效果更佳，选择套餐更实惠）,￥25.00,http://www.km1818.com/products/16283.html
营养保健,矿物质补充,http://search.km1818.com/10/operCateSearch.action?oid=2627,补锌,http://search.km1818.com/10/operCateSearch.action?oid=2655,"
				
				神苗 葡萄糖酸锌颗粒 10袋/盒 
				",用于治疗缺锌引起的营养不良、厌食症、异食癖、口腔溃疡、痤疮、儿童生长发育迟缓等。 ,￥8.10,http://www.km1818.com/products/5485.html
营养保健,矿物质补充,http://search.km1818.com/10/operCateSearch.action?oid=2627,补锌,http://search.km1818.com/10/operCateSearch.action?oid=2655,"
				
				锌咀嚼片(汤臣倍健) 24g（0.4g/片*60片）
				",【新旧包装，随机发货】精选柠檬酸锌，吸收性好。补充微量元素，孩子成长营养足。,￥70.00,http://www.km1818.com/products/60417.html
营养保健,营养补充,http://search.km1818.com/10/operCateSearch.action?oid=2628,褪黑素,http://search.km1818.com/10/operCateSearch.action?oid=5963,"
				
				麦金利 褪黑素维生素B6胶囊 0.2g*70粒/2瓶
				",【药师推荐：5瓶效果更佳~】褪黑素+B6养精蓄锐  改善睡眠 ，适用于失眠状况不佳的成人。,￥216.00,http://www.km1818.com/products/117436.html
营养保健,营养补充,http://search.km1818.com/10/operCateSearch.action?oid=2628,复合型营养素,http://search.km1818.com/10/operCateSearch.action?oid=3450,"
				
				Mckin/麦金利 芦荟胶囊 0.45g/粒*60粒
				",高纯度芦荟 润肠通便 排毒养颜,￥125.00,http://www.km1818.com/products/117450.html
营养保健,动/植/海洋生物精华,http://search.km1818.com/10/operCateSearch.action?oid=2629,灵芝孢子粉,http://search.km1818.com/10/operCateSearch.action?oid=14218,"
				
				破壁灵芝孢子粉(康美云)  礼盒+礼袋
				",尊贵大气，送礼佳选。,￥30.00,http://www.km1818.com/products/63808.html
营养保健,动/植/海洋生物精华,http://search.km1818.com/10/operCateSearch.action?oid=2629,多植物精华,http://search.km1818.com/10/operCateSearch.action?oid=14205,"
				
				京都念慈菴枇杷糖 2.5克/粒*8粒
				",京都念慈菴枇杷糖是以甘草、枇杷叶、桔梗、藏青果等为主要原料制成的保健食品，具有清咽润喉保健功能。,￥10.80,http://www.km1818.com/products/8829.html
营养保健,动/植/海洋生物精华,http://search.km1818.com/10/operCateSearch.action?oid=2629,其他植物提取物,http://search.km1818.com/10/operCateSearch.action?oid=5384,"
				
				京都念慈菴枇杷糖 2.5克/粒*8粒
				",京都念慈菴枇杷糖是以甘草、枇杷叶、桔梗、藏青果等为主要原料制成的保健食品，具有清咽润喉保健功能。,￥10.80,http://www.km1818.com/products/8829.html
营养保健,动/植/海洋生物精华,http://search.km1818.com/10/operCateSearch.action?oid=2629,大豆提取物,http://search.km1818.com/10/operCateSearch.action?oid=5962,"
				
				麦金利 百合康牌大豆提取物软胶囊  500mg*120粒
				",【药师推荐：5瓶效果更佳~】女人如花  悉心呵护女性健康，提高免疫力,￥119.00,http://www.km1818.com/products/117043.html
营养保健,动/植/海洋生物精华,http://search.km1818.com/10/operCateSearch.action?oid=2629,亚麻籽油,http://search.km1818.com/10/operCateSearch.action?oid=2739,"
				
					",润燥通便，养血祛风。用于肠燥便秘，皮肤干燥，瘙痒，脱发。,￥0.04,http://www.km1818.com/products/35356.html
营养保健,按功效,http://search.km1818.com/10/operCateSearch.action?oid=4042,补充钙铁锌,http://search.km1818.com/10/operCateSearch.action?oid=4995,"
				
				锌咀嚼片(汤臣倍健) 24g（0.4g/片*60片）
				",【新旧包装，随机发货】精选柠檬酸锌，吸收性好。补充微量元素，孩子成长营养足。,￥70.00,http://www.km1818.com/products/60417.html
营养保健,按功效,http://search.km1818.com/10/operCateSearch.action?oid=4042,促进生长,http://search.km1818.com/10/operCateSearch.action?oid=5242,"
				
				麦金利 褪黑素维生素B6胶囊 0.2g*70粒
				",【药师推荐：5瓶效果更佳~】褪黑素+B6养精蓄锐  改善睡眠 ，适用于失眠状况不佳的成人。,￥108.00,http://www.km1818.com/products/117046.html
营养保健,按功效,http://search.km1818.com/10/operCateSearch.action?oid=4042,排毒养颜,http://search.km1818.com/10/operCateSearch.action?oid=4985,"
				
				Mckin/麦金利 芦荟胶囊 0.45g/粒*60粒
				",高纯度芦荟 润肠通便 排毒养颜,￥125.00,http://www.km1818.com/products/117450.html
营养保健,按功效,http://search.km1818.com/10/operCateSearch.action?oid=4042,促进生长,http://search.km1818.com/10/operCateSearch.action?oid=5242,"
				
				创盈R金斯利安多维片 
				",【效期至2019/03】补充多种维生素和矿物质,￥118.00,http://www.km1818.com/products/117965.html
营养保健,按功效,http://search.km1818.com/10/operCateSearch.action?oid=4042,减肥瘦身,http://search.km1818.com/10/operCateSearch.action?oid=4056,"
				
				Mckin/麦金利 左旋肉碱绿茶胶囊 0.42g/粒*60粒
				",【5盒一周期效果更佳哦~】想要S好身材 你可以更美，保健功能：健康减肥,￥128.00,http://www.km1818.com/products/117373.html
营养保健,按功效,http://search.km1818.com/10/operCateSearch.action?oid=4042,促进生长,http://search.km1818.com/10/operCateSearch.action?oid=5242,"
				
				锌咀嚼片(汤臣倍健) 24g（0.4g/片*60片）
				",【新旧包装，随机发货】精选柠檬酸锌，吸收性好。补充微量元素，孩子成长营养足。,￥70.00,http://www.km1818.com/products/60417.html
营养保健,按功效,http://search.km1818.com/10/operCateSearch.action?oid=4042,补充维生素,http://search.km1818.com/10/operCateSearch.action?oid=4996,"
				
				麦金利维生素C泡腾片 水蜜桃味
				",【效期至2019/03】【5瓶全家齐分享】VC可以泡着喝，健康随身带，儿童女性成人固体饮料德国进口技术,￥39.00,http://www.km1818.com/products/117431.html
营养保健,按功效,http://search.km1818.com/10/operCateSearch.action?oid=4042,补充维生素,http://search.km1818.com/10/operCateSearch.action?oid=4996,"
				
				麦金利维生素c软糖 甜橙味
				",【效期至2019/01】儿童青少年女性成人水果软糖,￥9.90,http://www.km1818.com/products/118033.html
绿色食品,健康粮油,http://search.km1818.com/10/operCateSearch.action?oid=8066,大米,http://search.km1818.com/10/operCateSearch.action?oid=8067,"
				
				【预售，9.20号左右发货】康美有米 吉林鹭田小粒香米 2.5kg
				",吉林鹭田，匠心之作，康美有米，粒粒新鲜。让健康从餐桌开始改变！,￥44.80,http://www.km1818.com/products/119295.html
绿色食品,地方特产,http://search.km1818.com/10/operCateSearch.action?oid=8130,华中,http://search.km1818.com/10/operCateSearch.action?oid=8136,"
				
					",蒨草/地苏木/活/土丹参   活血行血；用于妇科调经，败毒抗癌，消炎退肿。,￥0.53,http://www.km1818.com/products/42998.html
绿色食品,地方特产,http://search.km1818.com/10/operCateSearch.action?oid=8130,西南,http://search.km1818.com/10/operCateSearch.action?oid=8137,"
				
					",舒筋活络，和胃化湿。用于湿痹拘挛，腰膝关节酸重疼痛，暑湿吐泻，转筋挛痛，脚气水肿。,￥0.09,http://www.km1818.com/products/14347.html
绿色食品,地方特产,http://search.km1818.com/10/operCateSearch.action?oid=8130,华北,http://search.km1818.com/10/operCateSearch.action?oid=8131,"
				
					",发汗散寒，宣肺平喘，利水消肿。用于风寒感冒，胸闷喘咳，风水浮肿。,￥0.17,http://www.km1818.com/products/35165.html
绿色食品,地方特产,http://search.km1818.com/10/operCateSearch.action?oid=8130,西北,http://search.km1818.com/10/operCateSearch.action?oid=8133,"
				
				甘肃兰州 鲜百合 三头/3斤礼盒装
				",{新疆不支持发货，默认发百世快递}百合很甜，甜脆爽口，有机质含量丰富，采用礼盒装，自用送礼高端上档次。,￥168.00,http://www.km1818.com/products/117962.html
绿色食品,地方特产,http://search.km1818.com/10/operCateSearch.action?oid=8130,华南,http://search.km1818.com/10/operCateSearch.action?oid=8135,"
				
					",青天葵/天葵/独脚天葵/猪乸耳/磨地沙 清肺止咳，健脾消积，镇静止痛，清热解毒，散瘀消肿。用于肺结核咳嗽咯血，支气管炎，小儿疳积，小儿肺炎，精神病，跌打肿痛，口腔炎，急性喉头炎，疮毒。,￥1.44,http://www.km1818.com/products/35166.html
绿色食品,地方特产,http://search.km1818.com/10/operCateSearch.action?oid=8130,东北,http://search.km1818.com/10/operCateSearch.action?oid=8132,"
				
				康美 新开河 吉林红参片东北特产人参切片3g*20袋  60g/盒
				",新开河吉林红参 小袋包装 方便携带,￥208.00,http://www.km1818.com/products/119305.html
绿色食品,地方特产,http://search.km1818.com/10/operCateSearch.action?oid=8130,华东,http://search.km1818.com/10/operCateSearch.action?oid=8134,"
				
					",利水渗湿，泄热，化浊降脂。用于小便不利，水肿胀满，泄泻尿少，痰饮眩晕，热淋涩痛，高脂血症。,￥0.09,http://www.km1818.com/products/13795.html
绿色食品,地方特产,http://search.km1818.com/10/operCateSearch.action?oid=8130,西北,http://search.km1818.com/10/operCateSearch.action?oid=8133,"
				
				甘肃兰州 鲜百合 三头/500g
				",{新疆不支持发货，默认发百世快递}百合很甜，甜脆爽口，有机质含量丰富，采用礼盒装，自用送礼高端上档次。,￥80.00,http://www.km1818.com/products/117964.html
绿色食品,地方特产,http://search.km1818.com/10/operCateSearch.action?oid=8130,华南,http://search.km1818.com/10/operCateSearch.action?oid=8135,"
				
					",清热化痰，除烦，止呕；用于痰热咳嗽，胆火挟痰，惊悸不宁，心烦失眠，中风痰迷，舌强不语，胃热呕吐，妊娠恶阻，胎动不安；清热凉血功效较强。,￥0.06,http://www.km1818.com/products/35284.html
绿色食品,地方特产,http://search.km1818.com/10/operCateSearch.action?oid=8130,东北,http://search.km1818.com/10/operCateSearch.action?oid=8132,"
				
				【预售，9.20号左右发货】康美有米 吉林鹭田小粒香米 1kg
				",吉林鹭田，匠心之作，康美有米，粒粒新鲜。让健康从餐桌开始改变！,￥19.80,http://www.km1818.com/products/119293.html
绿色食品,地方特产,http://search.km1818.com/10/operCateSearch.action?oid=8130,东北,http://search.km1818.com/10/operCateSearch.action?oid=8132,"
				
					", 山海螺/地黄/白河车/牛附子/乳夫人/奶树 益气养阴；解毒消肿；排脓；通乳。主神疲乏力；头晕头痛；肺痈；乳痈；肠前程；疮疖肿毒；喉蛾；瘰疬；产后乳少；白带；毒蛇咬伤。 败毒抗癌、补气养血、消肿排脓。治肺痈，肠痈，肿毒，瘰疬，喉蛾。,￥0.08,http://www.km1818.com/products/35171.html
绿色食品,养生茶饮,http://search.km1818.com/10/operCateSearch.action?oid=8028,花草茶,http://search.km1818.com/10/operCateSearch.action?oid=9087,"
				
				康美药业 玫瑰花 100g 
				",源自道地产地甘肃，是办公室必备的花草茶之一，美容养颜，喝出好气色。,￥38.00,http://www.km1818.com/products/3281.html
绿色食品,养生茶饮,http://search.km1818.com/10/operCateSearch.action?oid=8028,花草茶,http://search.km1818.com/10/operCateSearch.action?oid=9087,"
				
				康美药业 玫瑰花 30g/盒
				",源自道地产地甘肃，是办公室必备的花草茶之一，美容养颜，喝出好气色。,￥25.00,http://www.km1818.com/products/117456.html
绿色食品,养生茶饮,http://search.km1818.com/10/operCateSearch.action?oid=8028,胖大海,http://search.km1818.com/10/operCateSearch.action?oid=9102,"
				
				康美药业 胖大海 80g/瓶
				",个大饱满 质地紧实 道地云南产,￥66.80,http://www.km1818.com/products/118044.html
绿色食品,养生茶饮,http://search.km1818.com/10/operCateSearch.action?oid=8028,花草茶,http://search.km1818.com/10/operCateSearch.action?oid=9087,"
				
				康美药业 胖大海 80g/瓶
				",个大饱满 质地紧实 道地云南产,￥66.80,http://www.km1818.com/products/118044.html
绿色食品,养生食材,http://search.km1818.com/10/operCateSearch.action?oid=14566,牛蒡,http://search.km1818.com/10/operCateSearch.action?oid=14599,"
				
					",解毒透疹，利咽散结，化痰止咳。用于麻疹不透，咽喉肿痛，风热咳喘。,￥0.08,http://www.km1818.com/products/35082.html
绿色食品,养生食材,http://search.km1818.com/10/operCateSearch.action?oid=14566,枸杞,http://search.km1818.com/10/operCateSearch.action?oid=14587,"
				
				康美药业 枸杞子 150g 
				",源自正宗宁夏产地， 肉厚籽少 颗粒饱满,￥59.00,http://www.km1818.com/products/3300.html
绿色食品,养生食材,http://search.km1818.com/10/operCateSearch.action?oid=14566,百合,http://search.km1818.com/10/operCateSearch.action?oid=14595,"
				
				甘肃兰州 鲜百合 两头/500g
				",{新疆不支持发货，默认发百世快递}百合很甜，甜脆爽口，有机质含量丰富，采用礼盒装，自用送礼高端上档次。,￥104.00,http://www.km1818.com/products/117961.html
绿色食品,养生食材,http://search.km1818.com/10/operCateSearch.action?oid=14566,百合,http://search.km1818.com/10/operCateSearch.action?oid=14595,"
				
				甘肃兰州 鲜百合 三头/500g
				",{新疆不支持发货，默认发百世快递}百合很甜，甜脆爽口，有机质含量丰富，采用礼盒装，自用送礼高端上档次。,￥80.00,http://www.km1818.com/products/117964.html
绿色食品,养生食材,http://search.km1818.com/10/operCateSearch.action?oid=14566,黄芪,http://search.km1818.com/10/operCateSearch.action?oid=14586,"
				
				康美药业 黄芪 150g 
				",源自正宗内蒙古产地，片片精华，豆香十足，滋补养生。,￥79.00,http://www.km1818.com/products/3273.html
绿色食品,养生食材,http://search.km1818.com/10/operCateSearch.action?oid=14566,枣类,http://search.km1818.com/10/operCateSearch.action?oid=14582,"
				
				康美药业 大枣 150g 
				",正宗山东大枣，手工精选，传统晾晒，颗颗饱满，肉厚绵甜，营养丰富，养生食膳新主张！,￥9.90,http://www.km1818.com/products/3294.html
绿色食品,养生食材,http://search.km1818.com/10/operCateSearch.action?oid=14566,莲子,http://search.km1818.com/10/operCateSearch.action?oid=14589,"
				
				 康美药业 莲子 190g 
				",【新旧包装随机发货】【产品升级，新包装白莲换为红莲，请亲知悉】正宗湖南莲子，颗颗均匀，饱满圆润，莲香怡人，健康膳食佳选。,￥39.00,http://www.km1818.com/products/3274.html
绿色食品,养生食材,http://search.km1818.com/10/operCateSearch.action?oid=14566,山药,http://search.km1818.com/10/operCateSearch.action?oid=14592,"
				
				康美药业 山药 150g 
				",正宗河南山药，新鲜无硫晾晒，粉糯清香，营养丰富，养生汤料佳选。,￥38.00,http://www.km1818.com/products/3288.html
绿色食品,健康零食,http://search.km1818.com/10/operCateSearch.action?oid=8047,枣类,http://search.km1818.com/10/operCateSearch.action?oid=14710,"
				
				康美药业 大枣 150g 
				",正宗山东大枣，手工精选，传统晾晒，颗颗饱满，肉厚绵甜，营养丰富，养生食膳新主张！,￥9.90,http://www.km1818.com/products/3294.html
海外健康,进口百货,http://search.km1818.com/10/operCateSearch.action?oid=14496,助听器,http://search.km1818.com/10/operCateSearch.action?oid=14513,"
				
				西门子 助听器（盒式） HA-VITA118/台
				",微调降噪，机身轻薄，简单易操作，方便携带，让您随时随地用耳朵聆听声音的美好。,￥298.00,http://www.km1818.com/products/105899.html
海外健康,进口百货,http://search.km1818.com/10/operCateSearch.action?oid=14496,按摩器,http://search.km1818.com/10/operCateSearch.action?oid=14515,"
				
				健得龙 眼周按摩器 KTR-775/1台
				",根据传统中医按摩经络学，创新变频微震按摩，加速眼周血液循环，促进眼周细胞新陈代谢，让你的双眼再现年轻光彩！,￥69.00,http://www.km1818.com/products/58980.html
海外健康,进口百货,http://search.km1818.com/10/operCateSearch.action?oid=14496,血压计,http://search.km1818.com/10/operCateSearch.action?oid=14512,"
				
				健之康上臂式电子血压计语音充电家用血压测量仪器老人医用血压表 JZIKI上臂式血压计（1色）
				",一键测量 语音播报,￥98.00,http://www.km1818.com/products/116937.html
海外健康,进口百货,http://search.km1818.com/10/operCateSearch.action?oid=14496,血压计,http://search.km1818.com/10/operCateSearch.action?oid=14512,"
				
				鱼跃 臂式智能电子血压计 YE690A/1台
				",智能加压技术，人性化用户体验，轻轻一按，智能测压。送给长辈的健康关爱！,￥468.00,http://www.km1818.com/products/77153.html
海外健康,进口个护,http://search.km1818.com/10/operCateSearch.action?oid=14494,身体乳液,http://search.km1818.com/10/operCateSearch.action?oid=14548,"
				
				第6感避孕套超薄 第六感进口冰火套颗粒螺纹成人男女用超爽安全套 【共60只】超薄平滑+六合一+芦荟
				",保密发货,￥89.00,http://www.km1818.com/products/117525.html
海外健康,进口个护,http://search.km1818.com/10/operCateSearch.action?oid=14494,身体乳液,http://search.km1818.com/10/operCateSearch.action?oid=14548,"
				
				第6感避孕套超薄 第六感进口冰火套颗粒螺纹成人男女用超爽安全套 【共42只】超薄平滑24片+其他18只
				",保密发货,￥89.00,http://www.km1818.com/products/117529.html
海外健康,进口个护,http://search.km1818.com/10/operCateSearch.action?oid=14494,身体乳液,http://search.km1818.com/10/operCateSearch.action?oid=14548,"
				
				杰士邦 避孕套 优质超薄 成人性用品情趣用品进口安全套 3片/盒
				",正品保证 保密发货,￥5.90,http://www.km1818.com/products/119256.html
海外健康,进口个护,http://search.km1818.com/10/operCateSearch.action?oid=14494,精油,http://search.km1818.com/10/operCateSearch.action?oid=14557,"
				
				第6感避孕套超薄 第六感进口冰火套颗粒螺纹成人男女用超爽安全套 【共60只】超薄平滑+六合一+芦荟
				",保密发货,￥89.00,http://www.km1818.com/products/117525.html
海外健康,进口药妆,http://search.km1818.com/10/operCateSearch.action?oid=14493,精油芳疗,http://search.km1818.com/10/operCateSearch.action?oid=14630,"
				
				汇美舍 普罗旺斯醒目薰衣草精油 10ml
				",【效期至2018/10/12】芳香愉悦，舒缓身心，修护受损肌肤，居家必备的修护天使。,￥138.00,http://www.km1818.com/products/86092.html
海外健康,进口个护,http://search.km1818.com/10/operCateSearch.action?oid=14494,精油,http://search.km1818.com/10/operCateSearch.action?oid=14557,"
				
				第6感避孕套超薄 第六感进口冰火套颗粒螺纹成人男女用超爽安全套 【共42只】超薄平滑24片+其他18只
				",保密发货,￥89.00,http://www.km1818.com/products/117529.html
海外健康,进口个护,http://search.km1818.com/10/operCateSearch.action?oid=14494,精油,http://search.km1818.com/10/operCateSearch.action?oid=14557,"
				
				杰士邦 避孕套 优质超薄 成人性用品情趣用品进口安全套 3片/盒
				",正品保证 保密发货,￥5.90,http://www.km1818.com/products/119256.html
海外健康,进口药妆,http://search.km1818.com/10/operCateSearch.action?oid=14493,遮瑕,http://search.km1818.com/10/operCateSearch.action?oid=14611,"
				
				康美药业 三七莹润保湿补水面膜 5片/盒
				",天然温和无刺激，深层补充肌肤水分和养分，增强弹性和活力，让肌肤如绸缎般柔滑无暇。,￥119.00,http://www.km1818.com/products/116670.html
海外健康,进口药妆,http://search.km1818.com/10/operCateSearch.action?oid=14493,遮瑕,http://search.km1818.com/10/operCateSearch.action?oid=14611,"
				
				汇美舍 普罗旺斯薰衣草平衡水油套装 5件/套
				",【普罗旺斯薰衣草菁华液 160ml+普罗旺斯薰衣草菁华乳 90g+薰衣草舒缓身体香氛皂100g+压缩纸粒面膜/10粒+泡瓶30ml 1套+起泡网 1个】深入平衡水油，调理肌肤，清新舒缓，温和保湿修护。,￥239.00,http://www.km1818.com/products/86099.html
中药/滋补,贵细滋补,http://search.km1818.com/10/operCateSearch.action?oid=2795,冬虫夏草,http://search.km1818.com/10/operCateSearch.action?oid=2802,"
				
				冬虫夏草（4000条） 1g
				",好源头好品质，精心挑选，含腺苷量高，送人有礼,￥280.00,http://www.km1818.com/products/117475.html
中药/滋补,贵细滋补,http://search.km1818.com/10/operCateSearch.action?oid=2795,当归,http://search.km1818.com/10/operCateSearch.action?oid=2803,"
				
				康美药业 当归 100g 
				",正宗岷县当归，片片实心，厚薄均匀，香气浓郁，无硫熏，健康品质，养生佳选。,￥39.00,http://www.km1818.com/products/3295.html
中药/滋补,贵细滋补,http://search.km1818.com/10/operCateSearch.action?oid=2795,三七,http://search.km1818.com/10/operCateSearch.action?oid=2804,"
				
				康美药业 文山三七 3g*33袋
				",康美自产源头好粉，道地文山三七，易拉罐式密封包装，独立小袋，随时随地享用健康。,￥248.00,http://www.km1818.com/products/117642.html
中药/滋补,贵细滋补,http://search.km1818.com/10/operCateSearch.action?oid=2795,当归,http://search.km1818.com/10/operCateSearch.action?oid=2803,"
				
				康美药业 150g黄芪 + 100g当归头片 + 150g党参 400g（3瓶/套）
				",【更换新礼盒发货】健康美丽喝出来，送母亲、送老婆、送闺蜜的营养佳品。,￥154.00,http://www.km1818.com/products/38883.html
中药/滋补,贵细滋补,http://search.km1818.com/10/operCateSearch.action?oid=2795,红枸杞,http://search.km1818.com/10/operCateSearch.action?oid=14074,"
				
				康美药业 枸杞子 150g 
				",源自正宗宁夏产地， 肉厚籽少 颗粒饱满,￥59.00,http://www.km1818.com/products/3300.html
中药/滋补,贵细滋补,http://search.km1818.com/10/operCateSearch.action?oid=2795,灵芝,http://search.km1818.com/10/operCateSearch.action?oid=2797,"
				
				康美药业 灵芝/赤芝  50g 
				",精选灵芝，均匀切片，富含灵芝多糖，营养丰富，强身健体。,￥28.00,http://www.km1818.com/products/3275.html
中药/滋补,贵细滋补,http://search.km1818.com/10/operCateSearch.action?oid=2795,燕窝,http://search.km1818.com/10/operCateSearch.action?oid=2796,"
				
				即食燕窝 40g/瓶（80%浓度）
				",精选马来西亚洞燕燕窝，精工细制而成。121度高温灭菌，保留燕窝大部分营养成分，让储存时间更长。,￥89.00,http://www.km1818.com/products/117449.html
中药/滋补,贵细滋补,http://search.km1818.com/10/operCateSearch.action?oid=2795,阿胶,http://search.km1818.com/10/operCateSearch.action?oid=4950,"
				
				康美药业 阿胶固元糕 玫瑰型 10g*15袋
				",源自正宗原产地，优选上等食材，口感纯正，营养丰富。真空包装，品质看得见。,￥79.00,http://www.km1818.com/products/117122.html
中药/滋补,贵细滋补,http://search.km1818.com/10/operCateSearch.action?oid=2795,燕窝,http://search.km1818.com/10/operCateSearch.action?oid=2796,"
				
				冰糖即食燕窝 70g/瓶
				",康美冰糖即食燕窝 浓缩冰糖燕窝 孕妇营养滋补品 正品含量90% 健康低糖 真材实料,￥99.00,http://www.km1818.com/products/117516.html
中药/滋补,贵细滋补,http://search.km1818.com/10/operCateSearch.action?oid=2795,石斛,http://search.km1818.com/10/operCateSearch.action?oid=2800,"
				
				康美药业 干石斛 50g/盒 
				",优质干石斛，粒粒精选，胶质多，养生滋补，包装高端大气，送礼佳品。,￥159.00,http://www.km1818.com/products/3391.html
中药/滋补,养生粉剂,http://search.km1818.com/10/operCateSearch.action?oid=14077,丹参粉,http://search.km1818.com/10/operCateSearch.action?oid=14080,"
				
				康美药业 丹参粉 88g/瓶 
				",采用先进技术研磨成粉，更细腻，吸收更好。食用便捷，瓶装包装，更易贮存，家居、办公室可备用的滋补品。,￥25.00,http://www.km1818.com/products/3452.html
中药/滋补,贵细滋补,http://search.km1818.com/10/operCateSearch.action?oid=2795,燕窝,http://search.km1818.com/10/operCateSearch.action?oid=2796,"
				
				溯源码白燕盏 中盏15g 15克
				",印尼进口 一盏一码,￥526.00,http://www.km1818.com/products/119282.html
中药/滋补,养生粉剂,http://search.km1818.com/10/operCateSearch.action?oid=14077,灵芝孢子粉,http://search.km1818.com/10/operCateSearch.action?oid=14081,"
				
				破壁灵芝孢子粉(康美云)  礼盒+礼袋
				",尊贵大气，送礼佳选。,￥30.00,http://www.km1818.com/products/63808.html
中药/滋补,养生粉剂,http://search.km1818.com/10/operCateSearch.action?oid=14077,三七粉,http://search.km1818.com/10/operCateSearch.action?oid=14078,"
				
				康美药业 三七粉 3g/袋*20袋
				",正宗云南三七精细打磨，粉质细腻，吸收更好，精致独立小包装，方便携带，随时随地享用健康。,￥69.00,http://www.km1818.com/products/70764.html
中药/滋补,养生粉剂,http://search.km1818.com/10/operCateSearch.action?oid=14077,西洋参粉,http://search.km1818.com/10/operCateSearch.action?oid=14079,"
				
				康美药业 西洋参粉 88g/瓶
				",加拿大进口西洋参，高科技打磨，粉状更细腻，吸收更好，营养健康，滋补养生。,￥178.00,http://www.km1818.com/products/69482.html
中药/滋补,中药调理,http://search.km1818.com/10/operCateSearch.action?oid=14607,补气补血,http://search.km1818.com/10/operCateSearch.action?oid=14608,"
				
				康美药业 【补气补血】双宝（黄芪粉+丹参粉） 2瓶
				",粉质细腻 易吸收,￥67.00,http://www.km1818.com/products/117418.html
中药/滋补,中药调理,http://search.km1818.com/10/operCateSearch.action?oid=14607,清热下火,http://search.km1818.com/10/operCateSearch.action?oid=14617,"
				
				西洋参(康美药业) 80g(4g*20包)/罐
				",精选加拿大进口西洋参切片，片片均匀，参味浓郁。是您四季滋补的优选佳品。,￥340.00,http://www.km1818.com/products/114555.html
中药/滋补,中药调理,http://search.km1818.com/10/operCateSearch.action?oid=14607,清热下火,http://search.km1818.com/10/operCateSearch.action?oid=14617,"
				
				康美药业 西洋参粉三七粉丹参粉玻璃瓶3瓶装 粉剂礼盒装
				",【粉剂礼盒装】打磨更精细，粉质细腻，吸收效率更好！,￥599.00,http://www.km1818.com/products/117092.html
中药/滋补,中药调理,http://search.km1818.com/10/operCateSearch.action?oid=14607,健脾养胃,http://search.km1818.com/10/operCateSearch.action?oid=14621,"
				
				西洋参(康美药业) 80g(4g*20包)/罐
				",精选加拿大进口西洋参切片，片片均匀，参味浓郁。是您四季滋补的优选佳品。,￥340.00,http://www.km1818.com/products/114555.html
中药/滋补,中药调理,http://search.km1818.com/10/operCateSearch.action?oid=14607,清热下火,http://search.km1818.com/10/operCateSearch.action?oid=14617,"
				
				康美药业 阿胶固元糕 玫瑰型 10g*15袋
				",源自正宗原产地，优选上等食材，口感纯正，营养丰富。真空包装，品质看得见。,￥79.00,http://www.km1818.com/products/117122.html
中药/滋补,中药调理,http://search.km1818.com/10/operCateSearch.action?oid=14607,健脾养胃,http://search.km1818.com/10/operCateSearch.action?oid=14621,"
				
				康美药业 西洋参粉三七粉丹参粉玻璃瓶3瓶装 粉剂礼盒装
				",【粉剂礼盒装】打磨更精细，粉质细腻，吸收效率更好！,￥599.00,http://www.km1818.com/products/117092.html
中药/滋补,中药调理,http://search.km1818.com/10/operCateSearch.action?oid=14607,清热下火,http://search.km1818.com/10/operCateSearch.action?oid=14617,"
				
				康美药业 红参粉 100g/瓶
				",粉质细腻 更易吸收  晨起一杯参粉 健康活力一整天,￥148.00,http://www.km1818.com/products/117333.html
中药/滋补,中药调理,http://search.km1818.com/10/operCateSearch.action?oid=14607,清热下火,http://search.km1818.com/10/operCateSearch.action?oid=14617,"
				
				康美药业 【补气补血】双宝（黄芪粉+丹参粉） 2瓶
				",粉质细腻 易吸收,￥67.00,http://www.km1818.com/products/117418.html
中药/滋补,中药调理,http://search.km1818.com/10/operCateSearch.action?oid=14607,健脑益智,http://search.km1818.com/10/operCateSearch.action?oid=14637,"
				
				西洋参(康美药业) 80g(4g*20包)/罐
				",精选加拿大进口西洋参切片，片片均匀，参味浓郁。是您四季滋补的优选佳品。,￥340.00,http://www.km1818.com/products/114555.html
中药/滋补,中药调理,http://search.km1818.com/10/operCateSearch.action?oid=14607,美肌护肤,http://search.km1818.com/10/operCateSearch.action?oid=14627,"
				
				西洋参(康美药业) 80g(4g*20包)/罐
				",精选加拿大进口西洋参切片，片片均匀，参味浓郁。是您四季滋补的优选佳品。,￥340.00,http://www.km1818.com/products/114555.html
中药/滋补,中药调理,http://search.km1818.com/10/operCateSearch.action?oid=14607,健脾养胃,http://search.km1818.com/10/operCateSearch.action?oid=14621,"
				
				康美药业 阿胶固元糕 玫瑰型 10g*15袋
				",源自正宗原产地，优选上等食材，口感纯正，营养丰富。真空包装，品质看得见。,￥79.00,http://www.km1818.com/products/117122.html
中药/滋补,中药调理,http://search.km1818.com/10/operCateSearch.action?oid=14607,健脾养胃,http://search.km1818.com/10/operCateSearch.action?oid=14621,"
				
				康美药业 红参粉 100g/瓶
				",粉质细腻 更易吸收  晨起一杯参粉 健康活力一整天,￥148.00,http://www.km1818.com/products/117333.html
中药/滋补,中药调理,http://search.km1818.com/10/operCateSearch.action?oid=14607,健脑益智,http://search.km1818.com/10/operCateSearch.action?oid=14637,"
				
				康美药业 西洋参粉三七粉丹参粉玻璃瓶3瓶装 粉剂礼盒装
				",【粉剂礼盒装】打磨更精细，粉质细腻，吸收效率更好！,￥599.00,http://www.km1818.com/products/117092.html
中药/滋补,中药调理,http://search.km1818.com/10/operCateSearch.action?oid=14607,健脑益智,http://search.km1818.com/10/operCateSearch.action?oid=14637,"
				
				康美药业 阿胶固元糕 玫瑰型 10g*15袋
				",源自正宗原产地，优选上等食材，口感纯正，营养丰富。真空包装，品质看得见。,￥79.00,http://www.km1818.com/products/117122.html
中药/滋补,中药调理,http://search.km1818.com/10/operCateSearch.action?oid=14607,美肌护肤,http://search.km1818.com/10/operCateSearch.action?oid=14627,"
				
				康美药业 西洋参粉三七粉丹参粉玻璃瓶3瓶装 粉剂礼盒装
				",【粉剂礼盒装】打磨更精细，粉质细腻，吸收效率更好！,￥599.00,http://www.km1818.com/products/117092.html
中药/滋补,中药调理,http://search.km1818.com/10/operCateSearch.action?oid=14607,清咽润喉,http://search.km1818.com/10/operCateSearch.action?oid=14634,"
				
				西洋参(康美药业) 80g(4g*20包)/罐
				",精选加拿大进口西洋参切片，片片均匀，参味浓郁。是您四季滋补的优选佳品。,￥340.00,http://www.km1818.com/products/114555.html
中药/滋补,中药调理,http://search.km1818.com/10/operCateSearch.action?oid=14607,健脾养胃,http://search.km1818.com/10/operCateSearch.action?oid=14621,"
				
				康美药业 【补气补血】双宝（黄芪粉+丹参粉） 2瓶
				",粉质细腻 易吸收,￥67.00,http://www.km1818.com/products/117418.html
中药/滋补,中药调理,http://search.km1818.com/10/operCateSearch.action?oid=14607,健脑益智,http://search.km1818.com/10/operCateSearch.action?oid=14637,"
				
				康美药业 红参粉 100g/瓶
				",粉质细腻 更易吸收  晨起一杯参粉 健康活力一整天,￥148.00,http://www.km1818.com/products/117333.html
中药/滋补,中药调理,http://search.km1818.com/10/operCateSearch.action?oid=14607,消脂瘦身,http://search.km1818.com/10/operCateSearch.action?oid=14624,"
				
				西洋参(康美药业) 80g(4g*20包)/罐
				",精选加拿大进口西洋参切片，片片均匀，参味浓郁。是您四季滋补的优选佳品。,￥340.00,http://www.km1818.com/products/114555.html
中药/滋补,中药调理,http://search.km1818.com/10/operCateSearch.action?oid=14607,美肌护肤,http://search.km1818.com/10/operCateSearch.action?oid=14627,"
				
				康美药业 阿胶固元糕 玫瑰型 10g*15袋
				",源自正宗原产地，优选上等食材，口感纯正，营养丰富。真空包装，品质看得见。,￥79.00,http://www.km1818.com/products/117122.html
中药/滋补,中药调理,http://search.km1818.com/10/operCateSearch.action?oid=14607,清咽润喉,http://search.km1818.com/10/operCateSearch.action?oid=14634,"
				
				康美药业 西洋参粉三七粉丹参粉玻璃瓶3瓶装 粉剂礼盒装
				",【粉剂礼盒装】打磨更精细，粉质细腻，吸收效率更好！,￥599.00,http://www.km1818.com/products/117092.html
中药/滋补,中药调理,http://search.km1818.com/10/operCateSearch.action?oid=14607,改善视力,http://search.km1818.com/10/operCateSearch.action?oid=14635,"
				
				清肝明目组合【电脑上班族必备】 
				",御宝堂 枸杞子  200g（10g*20袋/盒）+康美药业 菊花(胎菊） 60g +康美菊皇茶凉茶植物饮料  310ml/罐,￥39.90,http://www.km1818.com/products/117631.html
中药/滋补,中药调理,http://search.km1818.com/10/operCateSearch.action?oid=14607,健脑益智,http://search.km1818.com/10/operCateSearch.action?oid=14637,"
				
				康美药业 【补气补血】双宝（黄芪粉+丹参粉） 2瓶
				",粉质细腻 易吸收,￥67.00,http://www.km1818.com/products/117418.html
中药/滋补,中药调理,http://search.km1818.com/10/operCateSearch.action?oid=14607,消脂瘦身,http://search.km1818.com/10/operCateSearch.action?oid=14624,"
				
				康美药业 西洋参粉三七粉丹参粉玻璃瓶3瓶装 粉剂礼盒装
				",【粉剂礼盒装】打磨更精细，粉质细腻，吸收效率更好！,￥599.00,http://www.km1818.com/products/117092.html
中药/滋补,中药调理,http://search.km1818.com/10/operCateSearch.action?oid=14607,美肌护肤,http://search.km1818.com/10/operCateSearch.action?oid=14627,"
				
				康美药业 红参粉 100g/瓶
				",粉质细腻 更易吸收  晨起一杯参粉 健康活力一整天,￥148.00,http://www.km1818.com/products/117333.html
中药/滋补,中药调理,http://search.km1818.com/10/operCateSearch.action?oid=14607,清咽润喉,http://search.km1818.com/10/operCateSearch.action?oid=14634,"
				
				康美药业 阿胶固元糕 玫瑰型 10g*15袋
				",源自正宗原产地，优选上等食材，口感纯正，营养丰富。真空包装，品质看得见。,￥79.00,http://www.km1818.com/products/117122.html
中药/滋补,中药调理,http://search.km1818.com/10/operCateSearch.action?oid=14607,消脂瘦身,http://search.km1818.com/10/operCateSearch.action?oid=14624,"
				
				康美药业 阿胶固元糕 玫瑰型 10g*15袋
				",源自正宗原产地，优选上等食材，口感纯正，营养丰富。真空包装，品质看得见。,￥79.00,http://www.km1818.com/products/117122.html
中药/滋补,中药调理,http://search.km1818.com/10/operCateSearch.action?oid=14607,美肌护肤,http://search.km1818.com/10/operCateSearch.action?oid=14627,"
				
				康美药业 【补气补血】双宝（黄芪粉+丹参粉） 2瓶
				",粉质细腻 易吸收,￥67.00,http://www.km1818.com/products/117418.html
中药/滋补,中药调理,http://search.km1818.com/10/operCateSearch.action?oid=14607,清咽润喉,http://search.km1818.com/10/operCateSearch.action?oid=14634,"
				
				康美药业 红参粉 100g/瓶
				",粉质细腻 更易吸收  晨起一杯参粉 健康活力一整天,￥148.00,http://www.km1818.com/products/117333.html
中药/滋补,中药调理,http://search.km1818.com/10/operCateSearch.action?oid=14607,消脂瘦身,http://search.km1818.com/10/operCateSearch.action?oid=14624,"
				
				康美药业 红参粉 100g/瓶
				",粉质细腻 更易吸收  晨起一杯参粉 健康活力一整天,￥148.00,http://www.km1818.com/products/117333.html
医疗器械,家庭医疗箱,http://search.km1818.com/10/operCateSearch.action?oid=14447,药箱,http://search.km1818.com/10/operCateSearch.action?oid=14455,"
				
				【赠品】家庭药箱 药品多层收纳盒 
				",,￥88.00,http://www.km1818.com/products/116161.html
中药/滋补,中药调理,http://search.km1818.com/10/operCateSearch.action?oid=14607,清咽润喉,http://search.km1818.com/10/operCateSearch.action?oid=14634,"
				
				康美药业 【补气补血】双宝（黄芪粉+丹参粉） 2瓶
				",粉质细腻 易吸收,￥67.00,http://www.km1818.com/products/117418.html
中药/滋补,中药调理,http://search.km1818.com/10/operCateSearch.action?oid=14607,消脂瘦身,http://search.km1818.com/10/operCateSearch.action?oid=14624,"
				
				康美药业 【补气补血】双宝（黄芪粉+丹参粉） 2瓶
				",粉质细腻 易吸收,￥67.00,http://www.km1818.com/products/117418.html
医疗器械,家庭医疗箱,http://search.km1818.com/10/operCateSearch.action?oid=14447,退热贴,http://search.km1818.com/10/operCateSearch.action?oid=14452,"
				
				冰宝贴(小林) 医用退热帖 6片/盒
				",【特惠装赠2片！】适用于儿童物理退热、冷敷理疗。温和配方，冷却凝胶湿润冰凉，紧紧贴住，持续吸热、散热，强力冷却！,￥30.90,http://www.km1818.com/products/115082.html
医疗器械,家庭医疗箱,http://search.km1818.com/10/operCateSearch.action?oid=14447,理疗贴,http://search.km1818.com/10/operCateSearch.action?oid=14448,"
				
				心意 肩周炎理疗贴 4贴/盒
				",适用于肩周炎引起肩部疼痛、压痛及肩关节活动障碍。,￥2.90,http://www.km1818.com/products/107239.html
医疗器械,家庭医疗箱,http://search.km1818.com/10/operCateSearch.action?oid=14447,理疗贴,http://search.km1818.com/10/operCateSearch.action?oid=14448,"
				
				心意 腰痛理疗贴 4贴/盒
				",适用于腰背疼痛，腰肌劳损及腰部扭伤引起的疼痛。,￥2.90,http://www.km1818.com/products/107245.html
医疗器械,检测器材,http://search.km1818.com/10/operCateSearch.action?oid=3058,血压计,http://search.km1818.com/10/operCateSearch.action?oid=3060,"
				
				健之康上臂式电子血压计语音充电家用血压测量仪器老人医用血压表 JZIKI上臂式血压计（1色）
				",一键测量 语音播报,￥98.00,http://www.km1818.com/products/116937.html
医疗器械,检测器材,http://search.km1818.com/10/operCateSearch.action?oid=3058,体温计,http://search.km1818.com/10/operCateSearch.action?oid=3061,"
				
				欧姆龙 电子体温计 MC-246/支
				",高灵敏快速测体温，人性化前次记忆功能，不含水银，使用安全方便。,￥42.80,http://www.km1818.com/products/73848.html
医疗器械,康复理疗,http://search.km1818.com/10/operCateSearch.action?oid=12313,助听器,http://search.km1818.com/10/operCateSearch.action?oid=12322,"
				
				西门子 助听器（盒式） HA-VITA118/台
				",微调降噪，机身轻薄，简单易操作，方便携带，让您随时随地用耳朵聆听声音的美好。,￥298.00,http://www.km1818.com/products/105899.html
医疗器械,检测器材,http://search.km1818.com/10/operCateSearch.action?oid=3058,血压计,http://search.km1818.com/10/operCateSearch.action?oid=3060,"
				
				鱼跃 臂式智能电子血压计 YE690A/1台
				",智能加压技术，人性化用户体验，轻轻一按，智能测压。送给长辈的健康关爱！,￥468.00,http://www.km1818.com/products/77153.html
医疗器械,康复理疗,http://search.km1818.com/10/operCateSearch.action?oid=12313,贴膏祛疤/理疗贴,http://search.km1818.com/10/operCateSearch.action?oid=14428,"
				
				心意 肩周炎理疗贴 4贴/盒
				",适用于肩周炎引起肩部疼痛、压痛及肩关节活动障碍。,￥2.90,http://www.km1818.com/products/107239.html
医疗器械,康复理疗,http://search.km1818.com/10/operCateSearch.action?oid=12313,贴膏祛疤/理疗贴,http://search.km1818.com/10/operCateSearch.action?oid=14428,"
				
				心意 腰痛理疗贴 4贴/盒
				",适用于腰背疼痛，腰肌劳损及腰部扭伤引起的疼痛。,￥2.90,http://www.km1818.com/products/107245.html
医疗器械,辅助治疗仪,http://search.km1818.com/10/operCateSearch.action?oid=3068,拔罐器,http://search.km1818.com/10/operCateSearch.action?oid=5543,"
				
				康祝 真空中医拔罐器 6个装
				",产品美观耐用，罐体分为多种型号，大小适宜，适合人体各部位使用。操作简单，不用点火，安全放心，适合居家使用。 ,￥29.80,http://www.km1818.com/products/106463.html
医疗器械,辅助治疗仪,http://search.km1818.com/10/operCateSearch.action?oid=3068,颈椎治疗仪,http://search.km1818.com/10/operCateSearch.action?oid=10866,"
				
				健得龙 智能颈椎按摩仪 KTR-103/台
				",全新智能颈椎按摩仪，3D智能贴合颈部曲线，电脉冲按摩、环形牵引、远红外热灸、磁疗四效合一，随时随地呵护颈部健康。,￥358.00,http://www.km1818.com/products/68550.html
医疗器械,健康电器,http://search.km1818.com/10/operCateSearch.action?oid=12300,按摩器,http://search.km1818.com/10/operCateSearch.action?oid=12327,"
				
				健得龙 腰之宝腰椎按摩仪 KTR-302/台
				",可促进局部血液循环，放松局部肌肉，缓解疲劳。适用于腰椎间盘突出、腰肌劳损、腰椎骨质增生、腰腿痛症状的预防与保健。,￥698.00,http://www.km1818.com/products/68544.html
医疗器械,健康电器,http://search.km1818.com/10/operCateSearch.action?oid=12300,甩脂机,http://search.km1818.com/10/operCateSearch.action?oid=14487,"
				
				健得龙 消脂瘦身腰带 KTR-790 KTR-790/1台
				",智能高频振动，强烈按摩，科学燃脂，健康瘦身，给你玲珑曲线！,￥159.00,http://www.km1818.com/products/58975.html
医疗器械,计生用品,http://search.km1818.com/10/operCateSearch.action?oid=13438,飞机杯,http://search.km1818.com/10/operCateSearch.action?oid=14431,"
				
				取悦震动飞机杯 男性自慰杯  口交
				",特殊通道，逼真享受。激情震动，爽遍全身！,￥49.90,http://www.km1818.com/products/51159.html
医疗器械,计生用品,http://search.km1818.com/10/operCateSearch.action?oid=13438,避孕套,http://search.km1818.com/10/operCateSearch.action?oid=14429,"
				
				第6感 天然胶乳橡胶避孕套（诱惑装） 一盒装
				",隐私发货哦！,￥26.00,http://www.km1818.com/products/117438.html
医疗器械,计生用品,http://search.km1818.com/10/operCateSearch.action?oid=13438,避孕套,http://search.km1818.com/10/operCateSearch.action?oid=14429,"
				
				第六感 天然胶乳橡胶避孕套（螺纹） 一盒装
				",隐私发货哦！,￥28.00,http://www.km1818.com/products/117443.html
医疗器械,计生用品,http://search.km1818.com/10/operCateSearch.action?oid=13438,避孕套,http://search.km1818.com/10/operCateSearch.action?oid=14429,"
				
				第六感 天然胶乳橡胶避孕套（超薄平滑） 一盒装
				",隐私发货,￥35.00,http://www.km1818.com/products/117454.html
医疗器械,计生用品,http://search.km1818.com/10/operCateSearch.action?oid=13438,避孕套,http://search.km1818.com/10/operCateSearch.action?oid=14429,"
				
				第6感避孕套超薄 第六感进口冰火套颗粒螺纹成人男女用超爽安全套 【共60只】超薄平滑装+6合一+螺纹
				",保密发货,￥89.00,http://www.km1818.com/products/117526.html
医疗器械,计生用品,http://search.km1818.com/10/operCateSearch.action?oid=13438,避孕套,http://search.km1818.com/10/operCateSearch.action?oid=14429,"
				
				杜蕾斯 避孕套 亲昵装 避孕套 保险套情趣用品 12只/盒
				",隐私发货 新旧包装更替 随机发货,￥30.00,http://www.km1818.com/products/118741.html
医疗器械,计生用品,http://search.km1818.com/10/operCateSearch.action?oid=13438,避孕安全,http://search.km1818.com/10/operCateSearch.action?oid=13439,"
				
				第6感 天然胶乳橡胶避孕套（诱惑装） 一盒装
				",隐私发货哦！,￥26.00,http://www.km1818.com/products/117438.html
医疗器械,计生用品,http://search.km1818.com/10/operCateSearch.action?oid=13438,避孕安全,http://search.km1818.com/10/operCateSearch.action?oid=13439,"
				
				第六感 天然胶乳橡胶避孕套（螺纹） 一盒装
				",隐私发货哦！,￥28.00,http://www.km1818.com/products/117443.html
医疗器械,计生用品,http://search.km1818.com/10/operCateSearch.action?oid=13438,润滑液,http://search.km1818.com/10/operCateSearch.action?oid=14434,"
				
				杜蕾斯 人体润滑液 
				",水火交融 给你体验不一样的极致快感 隐私发货,￥79.80,http://www.km1818.com/products/117336.html
医疗器械,计生用品,http://search.km1818.com/10/operCateSearch.action?oid=13438,避孕安全,http://search.km1818.com/10/operCateSearch.action?oid=13439,"
				
				第六感 天然胶乳橡胶避孕套（超薄平滑） 一盒装
				",隐私发货,￥35.00,http://www.km1818.com/products/117454.html
医疗器械,计生用品,http://search.km1818.com/10/operCateSearch.action?oid=13438,避孕安全,http://search.km1818.com/10/operCateSearch.action?oid=13439,"
				
				第6感避孕套超薄 第六感进口冰火套颗粒螺纹成人男女用超爽安全套 【共60只】超薄平滑装+6合一+螺纹
				",保密发货,￥89.00,http://www.km1818.com/products/117526.html
医疗器械,计生品牌,http://search.km1818.com/10/operCateSearch.action?oid=14437,名流,http://search.km1818.com/10/operCateSearch.action?oid=14445,"
				
				名流 避孕套 冰火一体情趣型超薄安全套 8只/盒
				",名流致享冰火 保密发货,￥9.90,http://www.km1818.com/products/119264.html
医疗器械,计生用品,http://search.km1818.com/10/operCateSearch.action?oid=13438,避孕安全,http://search.km1818.com/10/operCateSearch.action?oid=13439,"
				
				杜蕾斯 避孕套 亲昵装 避孕套 保险套情趣用品 12只/盒
				",隐私发货 新旧包装更替 随机发货,￥30.00,http://www.km1818.com/products/118741.html
医疗器械,计生品牌,http://search.km1818.com/10/operCateSearch.action?oid=14437,名流,http://search.km1818.com/10/operCateSearch.action?oid=14445,"
				
				名流 避孕套 紧绷持久套装  成人情趣用品螺纹g点颗粒安全套小号 24片/盒
				",保密发货,￥18.90,http://www.km1818.com/products/119266.html
医疗器械,计生品牌,http://search.km1818.com/10/operCateSearch.action?oid=14437,第6感,http://search.km1818.com/10/operCateSearch.action?oid=14441,"
				
				第六感 天然胶乳橡胶避孕套（螺纹柠檬香） 一盒装
				",隐私发货哦~,￥12.00,http://www.km1818.com/products/117439.html
医疗器械,计生品牌,http://search.km1818.com/10/operCateSearch.action?oid=14437,冈本,http://search.km1818.com/10/operCateSearch.action?oid=14439,"
				
				冈本 避孕套 SKIN系列 超润滑(青)  10片/盒 
				",避孕 预防性传播疾病,￥29.90,http://www.km1818.com/products/3343.html
医疗器械,计生品牌,http://search.km1818.com/10/operCateSearch.action?oid=14437,杰士邦,http://search.km1818.com/10/operCateSearch.action?oid=14440,"
				
				杰士邦避孕套 优质超薄12片/盒 成人性用品情趣 
				",隐私发货,￥19.90,http://www.km1818.com/products/119043.html
医疗器械,计生品牌,http://search.km1818.com/10/operCateSearch.action?oid=14437,杜蕾斯,http://search.km1818.com/10/operCateSearch.action?oid=14438,"
				
				杜蕾斯 避孕套 挚爱装  计生用品保险套 成人用品 避孕套 12只/盒
				",品质保证 隐私发货,￥33.00,http://www.km1818.com/products/118743.html
医疗器械,计生品牌,http://search.km1818.com/10/operCateSearch.action?oid=14437,第6感,http://search.km1818.com/10/operCateSearch.action?oid=14441,"
				
				第六感 天然胶乳橡胶避孕套（螺纹） 一盒装
				",隐私发货哦~,￥19.00,http://www.km1818.com/products/117444.html
健康护理/药妆,药妆系列,http://search.km1818.com/10/operCateSearch.action?oid=8143,痘痘痔疮,http://search.km1818.com/10/operCateSearch.action?oid=8145,"
				
				健脾消斑粥 山药/莲子/赤豆/薏苡仁/芡实/白扁豆/大枣 祛痘消斑 康美药膳粥食（2-3人份） 90g/剂*3剂
				",健脾消斑粥，中药养生粥食，健脾祛脂，消除色斑！,￥90.50,http://www.km1818.com/products/116629.html
医疗器械,计生品牌,http://search.km1818.com/10/operCateSearch.action?oid=14437,杰士邦,http://search.km1818.com/10/operCateSearch.action?oid=14440,"
				
				杰士邦 避孕套 温馨浮点12片/盒 泰国进口安全套超薄byt酒店安全套 
				",保密发货,￥28.00,http://www.km1818.com/products/119234.html
医疗器械,计生品牌,http://search.km1818.com/10/operCateSearch.action?oid=14437,杜蕾斯,http://search.km1818.com/10/operCateSearch.action?oid=14438,"
				
				杜蕾斯 避孕套 情迷装 12只/盒 
				",加强敏感度,￥41.00,http://www.km1818.com/products/3334.html
医疗器械,计生品牌,http://search.km1818.com/10/operCateSearch.action?oid=14437,第6感,http://search.km1818.com/10/operCateSearch.action?oid=14441,"
				
				第6感避孕套超薄 第六感进口冰火套颗粒螺纹成人男女用超爽安全套 【共22只】004+诱惑装
				",保密发货,￥89.00,http://www.km1818.com/products/117524.html
医疗器械,计生品牌,http://search.km1818.com/10/operCateSearch.action?oid=14437,第6感,http://search.km1818.com/10/operCateSearch.action?oid=14441,"
				
				第6感避孕套超薄 第六感进口冰火套颗粒螺纹成人男女用超爽安全套 【100只】平滑+冰火+超滑+螺纹+六合
				",保密发货,￥89.00,http://www.km1818.com/products/117528.html
健康护理/药妆,药妆系列,http://search.km1818.com/10/operCateSearch.action?oid=8143,痘痘痔疮,http://search.km1818.com/10/operCateSearch.action?oid=8145,"
				
				复方珍珠暗疮片(德众) 0.33g*84片/盒
				",用于血热蕴阻肌肤所致的粉刺、湿疮。,￥19.10,http://www.km1818.com/products/54249.html
医疗器械,计生品牌,http://search.km1818.com/10/operCateSearch.action?oid=14437,杰士邦,http://search.km1818.com/10/operCateSearch.action?oid=14440,"
				
				杰士邦 避孕套 优质超薄 成人性用品情趣用品进口安全套 3片/盒
				",正品保证 保密发货,￥5.90,http://www.km1818.com/products/119256.html
医疗器械,计生品牌,http://search.km1818.com/10/operCateSearch.action?oid=14437,杰士邦,http://search.km1818.com/10/operCateSearch.action?oid=14440,"
				
				杰士邦 动感柔 避孕套 避孕计生安全套成人情趣用品 10片/盒
				",保密发货,￥24.90,http://www.km1818.com/products/119260.html
医疗器械,计生品牌,http://search.km1818.com/10/operCateSearch.action?oid=14437,杜蕾斯,http://search.km1818.com/10/operCateSearch.action?oid=14438,"
				
				杜蕾斯 避孕套 至尊超薄装 3只/盒 
				",超薄至悦，亲密无边,￥29.90,http://www.km1818.com/products/3345.html
医疗器械,计生品牌,http://search.km1818.com/10/operCateSearch.action?oid=14437,第6感,http://search.km1818.com/10/operCateSearch.action?oid=14441,"
				
				第6感 天然胶乳橡胶避孕套 冰火一体12片/盒
				",进口产品，安全卫生；水乳交融，亲密无间!尽情享受性福！高品质，超实惠！,￥17.80,http://www.km1818.com/products/37052.html
医疗器械,计生品牌,http://search.km1818.com/10/operCateSearch.action?oid=14437,杰士邦,http://search.km1818.com/10/operCateSearch.action?oid=14440,"
				
				杰士邦 天然胶乳橡胶避孕套（动感大颗粒） 10片/盒
				",进口产品，品质保证，安全卫生，用于避孕和有助于降低性传播疾病传播。更大颗粒，超强刺激。,￥19.80,http://www.km1818.com/products/36490.html
医疗器械,计生品牌,http://search.km1818.com/10/operCateSearch.action?oid=14437,杜蕾斯,http://search.km1818.com/10/operCateSearch.action?oid=14438,"
				
				杜蕾斯 避孕套 LOVE(大胆爱吧) 10只/盒 
				",避孕，防止性传播疾病；自然舒适，无拘无束,￥25.00,http://www.km1818.com/products/3355.html
医疗器械,计生品牌,http://search.km1818.com/10/operCateSearch.action?oid=14437,杜蕾斯,http://search.km1818.com/10/operCateSearch.action?oid=14438,"
				
				杜蕾斯避孕套套装（情迷装+激情装+至尊超薄装+凸点螺纹装） 套餐一
				",情迷装12只+激情装12只+至尊超薄装3只+凸点螺纹装3只，共30只。隐私发货，纵享激情！,￥112.00,http://www.km1818.com/products/83069.html
健康护理/药妆,药妆系列,http://search.km1818.com/10/operCateSearch.action?oid=8143,缺水干燥,http://search.km1818.com/10/operCateSearch.action?oid=8148,"
				
				康美药业 三七莹润保湿补水面膜 5片/盒*2盒/套
				",天然温和无刺激，深层补充肌肤水分和养分，增强弹性和活力，让肌肤如绸缎般柔滑无暇。,￥218.00,http://www.km1818.com/products/84260.html
健康护理/药妆,药妆系列,http://search.km1818.com/10/operCateSearch.action?oid=8143,美白淡斑,http://search.km1818.com/10/operCateSearch.action?oid=8146,"
				
				丰胸美颜礼包 丝瓜通草汤+美容养颜粥+三七面膜 美体丰胸 美白润肤 中药养生 190g/包
				", 通调气血，产妇乳汁不通，下乳，胸部疼痛，气血虚弱所致乳房扁平者适用，改善机体的功能、增加女性面部皮肤滋润、细嫩以及对预防和治疗影响容貌美的疾病都有好处，女性良方,￥83.70,http://www.km1818.com/products/116854.html
健康护理/药妆,药妆系列,http://search.km1818.com/10/operCateSearch.action?oid=8143,美白淡斑,http://search.km1818.com/10/operCateSearch.action?oid=8146,"
				
				健得龙 离子祛皱美肤仪 KTR-772/台
				",低频微震波按摩，离子护理，除皱紧致，细胞补水，深层导入营养，污秽统统导出！给皮肤舒缓享受！,￥69.00,http://www.km1818.com/products/68532.html
健康护理/药妆,面部护理,http://search.km1818.com/10/operCateSearch.action?oid=8149,面部护理套装,http://search.km1818.com/10/operCateSearch.action?oid=8158,"
				
				汇美舍 普罗旺斯薰衣草平衡水油套装 5件/套
				",【普罗旺斯薰衣草菁华液 160ml+普罗旺斯薰衣草菁华乳 90g+薰衣草舒缓身体香氛皂100g+压缩纸粒面膜/10粒+泡瓶30ml 1套+起泡网 1个】深入平衡水油，调理肌肤，清新舒缓，温和保湿修护。,￥239.00,http://www.km1818.com/products/86099.html
健康护理/药妆,面部护理,http://search.km1818.com/10/operCateSearch.action?oid=8149,精油护理,http://search.km1818.com/10/operCateSearch.action?oid=8163,"
				
				汇美舍 普罗旺斯醒目薰衣草精油 10ml
				",【效期至2018/10/12】芳香愉悦，舒缓身心，修护受损肌肤，居家必备的修护天使。,￥138.00,http://www.km1818.com/products/86092.html
健康护理/药妆,面部护理,http://search.km1818.com/10/operCateSearch.action?oid=8149,面膜/面贴,http://search.km1818.com/10/operCateSearch.action?oid=8156,"
				
				康美药业 三七莹润保湿补水面膜 5片/盒*2盒/套
				",天然温和无刺激，深层补充肌肤水分和养分，增强弹性和活力，让肌肤如绸缎般柔滑无暇。,￥218.00,http://www.km1818.com/products/84260.html
健康护理/药妆,面部护理,http://search.km1818.com/10/operCateSearch.action?oid=8149,面膜,http://search.km1818.com/10/operCateSearch.action?oid=14785,"
				
				康美药业 三七莹润保湿补水面膜 5片/盒*2盒/套
				",天然温和无刺激，深层补充肌肤水分和养分，增强弹性和活力，让肌肤如绸缎般柔滑无暇。,￥218.00,http://www.km1818.com/products/84260.html
健康护理/药妆,身体护理,http://search.km1818.com/10/operCateSearch.action?oid=8164,香皂,http://search.km1818.com/10/operCateSearch.action?oid=14795,"
				
				康美药业 手工皂 4块/盒
				",手工皂温和不刺激，滋润保湿,￥134.00,http://www.km1818.com/products/117112.html
健康护理/药妆,身体护理,http://search.km1818.com/10/operCateSearch.action?oid=8164,精油,http://search.km1818.com/10/operCateSearch.action?oid=14794,"
				
				汇美舍 普罗旺斯醒目薰衣草精油 10ml
				",【效期至2018/10/12】芳香愉悦，舒缓身心，修护受损肌肤，居家必备的修护天使。,￥138.00,http://www.km1818.com/products/86092.html
