OTC/专科药品,家庭常备,http://search.km1818.com/10/operCateSearch.action?oid=2984,清热解毒,http://www.km1818.com/products/8682.html,,,,,,http://www.km1818.com/products/8682.html,,,,,,,,
OTC/专科药品,家庭常备,http://search.km1818.com/10/operCateSearch.action?oid=2984,清热解毒,http://www.km1818.com/products/56935.html,,,,,,http://www.km1818.com/products/56935.html,,,,,,,,
OTC/专科药品,家庭常备,http://search.km1818.com/10/operCateSearch.action?oid=2984,牙痛,http://www.km1818.com/products/117217.html,,,,,,http://www.km1818.com/products/117217.html,,,,,,,,
OTC/专科药品,家庭常备,http://search.km1818.com/10/operCateSearch.action?oid=2984,创可贴,http://www.km1818.com/products/53756.html,,,,,,http://www.km1818.com/products/53756.html,,,,,,,,
OTC/专科药品,家庭常备,http://search.km1818.com/10/operCateSearch.action?oid=2984,腹痛腹泻,http://www.km1818.com/products/117038.html,,,,,,http://www.km1818.com/products/117038.html,,,,,,,,
OTC/专科药品,家庭常备,http://search.km1818.com/10/operCateSearch.action?oid=2984,牙痛,http://www.km1818.com/products/117218.html,,,,,,http://www.km1818.com/products/117218.html,,,,,,,,
OTC/专科药品,家庭常备,http://search.km1818.com/10/operCateSearch.action?oid=2984,牙痛,http://www.km1818.com/products/117256.html,,,,,,http://www.km1818.com/products/117256.html,,,,,,,,
OTC/专科药品,家庭常备,http://search.km1818.com/10/operCateSearch.action?oid=2984,消化不良,http://www.km1818.com/products/117271.html,,,,,,http://www.km1818.com/products/117271.html,,,,,,,,
OTC/专科药品,家庭常备,http://search.km1818.com/10/operCateSearch.action?oid=2984,消化不良,http://www.km1818.com/products/59206.html,,,,,,http://www.km1818.com/products/59206.html,,,,,,,,
OTC/专科药品,家庭常备,http://search.km1818.com/10/operCateSearch.action?oid=2984,消化不良,http://www.km1818.com/products/4984.html,,,,,,http://www.km1818.com/products/4984.html,,,,,,,,
OTC/专科药品,家庭常备,http://search.km1818.com/10/operCateSearch.action?oid=2984,消化不良,http://www.km1818.com/products/5008.html,,,,,,http://www.km1818.com/products/5008.html,,,,,,,,
OTC/专科药品,家庭常备,http://search.km1818.com/10/operCateSearch.action?oid=2984,消化不良,http://www.km1818.com/products/55405.html,,,,,,http://www.km1818.com/products/55405.html,,,,,,,,
OTC/专科药品,家庭常备,http://search.km1818.com/10/operCateSearch.action?oid=2984,消化不良,http://www.km1818.com/products/5033.html,,,,,,http://www.km1818.com/products/5033.html,,,,,,,,
OTC/专科药品,家庭常备,http://search.km1818.com/10/operCateSearch.action?oid=2984,消化不良,http://www.km1818.com/products/5019.html,,,,,,http://www.km1818.com/products/5019.html,,,,,,,,
OTC/专科药品,呼吸科/肠胃科,http://search.km1818.com/10/operCateSearch.action?oid=2995,痔疮,http://www.km1818.com/products/43966.html,,,,,,http://www.km1818.com/products/43966.html,,,,,,,,
OTC/专科药品,家庭常备,http://search.km1818.com/10/operCateSearch.action?oid=2984,皮肤过敏,http://www.km1818.com/products/107717.html,,,,,,http://www.km1818.com/products/107717.html,,,,,,,,
OTC/专科药品,呼吸科/肠胃科,http://search.km1818.com/10/operCateSearch.action?oid=2995,胃痛/胃炎,http://www.km1818.com/products/115343.html,,,,,,http://www.km1818.com/products/115343.html,,,,,,,,
OTC/专科药品,呼吸科/肠胃科,http://search.km1818.com/10/operCateSearch.action?oid=2995,反酸/胃酸,http://www.km1818.com/products/117267.html,,,,,,http://www.km1818.com/products/117267.html,,,,,,,,
OTC/专科药品,家庭常备,http://search.km1818.com/10/operCateSearch.action?oid=2984,消化不良,http://www.km1818.com/products/8361.html,,,,,,http://www.km1818.com/products/8361.html,,,,,,,,
OTC/专科药品,呼吸科/肠胃科,http://search.km1818.com/10/operCateSearch.action?oid=2995,胃痛/胃炎,http://www.km1818.com/products/5006.html,,,,,,http://www.km1818.com/products/5006.html,,,,,,,,
OTC/专科药品,呼吸科/肠胃科,http://search.km1818.com/10/operCateSearch.action?oid=2995,胃痛/胃炎,http://www.km1818.com/products/15265.html,,,,,,http://www.km1818.com/products/15265.html,,,,,,,,
OTC/专科药品,呼吸科/肠胃科,http://search.km1818.com/10/operCateSearch.action?oid=2995,胃痛/胃炎,http://www.km1818.com/products/117037.html,,,,,,http://www.km1818.com/products/117037.html,,,,,,,,
OTC/专科药品,呼吸科/肠胃科,http://search.km1818.com/10/operCateSearch.action?oid=2995,反酸/胃酸,http://www.km1818.com/products/5010.html,,,,,,http://www.km1818.com/products/5010.html,,,,,,,,
OTC/专科药品,呼吸科/肠胃科,http://search.km1818.com/10/operCateSearch.action?oid=2995,反酸/胃酸,http://www.km1818.com/products/5002.html,,,,,,http://www.km1818.com/products/5002.html,,,,,,,,
OTC/专科药品,呼吸科/肠胃科,http://search.km1818.com/10/operCateSearch.action?oid=2995,胃痛/胃炎,http://www.km1818.com/products/5031.html,,,,,,http://www.km1818.com/products/5031.html,,,,,,,,
OTC/专科药品,呼吸科/肠胃科,http://search.km1818.com/10/operCateSearch.action?oid=2995,胃痛/胃炎,http://www.km1818.com/products/5022.html,,,,,,http://www.km1818.com/products/5022.html,,,,,,,,
OTC/专科药品,呼吸科/肠胃科,http://search.km1818.com/10/operCateSearch.action?oid=2995,胃痛/胃炎,http://www.km1818.com/products/5021.html,,,,,,http://www.km1818.com/products/5021.html,,,,,,,,
OTC/专科药品,家庭常备,http://search.km1818.com/10/operCateSearch.action?oid=2984,发热头痛,http://www.km1818.com/products/7868.html,,,,,,http://www.km1818.com/products/7868.html,,,,,,,,
OTC/专科药品,家庭常备,http://search.km1818.com/10/operCateSearch.action?oid=2984,发热头痛,http://www.km1818.com/products/78022.html,,,,,,http://www.km1818.com/products/78022.html,,,,,,,,
OTC/专科药品,家庭常备,http://search.km1818.com/10/operCateSearch.action?oid=2984,发热头痛,http://www.km1818.com/products/78021.html,,,,,,http://www.km1818.com/products/78021.html,,,,,,,,
绿色食品,地方特产,http://search.km1818.com/10/operCateSearch.action?oid=8130,东北,http://www.km1818.com/products/117252.html,,,,,,http://www.km1818.com/products/117252.html,,,,,,,,
绿色食品,地方特产,http://search.km1818.com/10/operCateSearch.action?oid=8130,西南,http://www.km1818.com/products/14347.html,,,,,,http://www.km1818.com/products/14347.html,,,,,,,,
绿色食品,地方特产,http://search.km1818.com/10/operCateSearch.action?oid=8130,西北,http://www.km1818.com/products/117963.html,,,,,,http://www.km1818.com/products/117963.html,,,,,,,,
绿色食品,地方特产,http://search.km1818.com/10/operCateSearch.action?oid=8130,西北,http://www.km1818.com/products/117962.html,,,,,,http://www.km1818.com/products/117962.html,,,,,,,,
绿色食品,地方特产,http://search.km1818.com/10/operCateSearch.action?oid=8130,西北,http://www.km1818.com/products/117961.html,,,,,,http://www.km1818.com/products/117961.html,,,,,,,,
绿色食品,地方特产,http://search.km1818.com/10/operCateSearch.action?oid=8130,西北,http://www.km1818.com/products/117960.html,,,,,,http://www.km1818.com/products/117960.html,,,,,,,,
绿色食品,地方特产,http://search.km1818.com/10/operCateSearch.action?oid=8130,东北,http://www.km1818.com/products/119307.html,,,,,,http://www.km1818.com/products/119307.html,,,,,,,,
绿色食品,地方特产,http://search.km1818.com/10/operCateSearch.action?oid=8130,东北,http://www.km1818.com/products/119306.html,,,,,,http://www.km1818.com/products/119306.html,,,,,,,,
绿色食品,地方特产,http://search.km1818.com/10/operCateSearch.action?oid=8130,东北,http://www.km1818.com/products/119305.html,,,,,,http://www.km1818.com/products/119305.html,,,,,,,,
绿色食品,地方特产,http://search.km1818.com/10/operCateSearch.action?oid=8130,华南,http://www.km1818.com/products/35166.html,,,,,,http://www.km1818.com/products/35166.html,,,,,,,,
绿色食品,地方特产,http://search.km1818.com/10/operCateSearch.action?oid=8130,西北,http://www.km1818.com/products/117964.html,,,,,,http://www.km1818.com/products/117964.html,,,,,,,,
绿色食品,地方特产,http://search.km1818.com/10/operCateSearch.action?oid=8130,东北,http://www.km1818.com/products/119308.html,,,,,,http://www.km1818.com/products/119308.html,,,,,,,,
绿色食品,养生茶饮,http://search.km1818.com/10/operCateSearch.action?oid=8028,花草茶,http://www.km1818.com/products/119276.html,,,,,,http://www.km1818.com/products/119276.html,,,,,,,,
绿色食品,健康粮油,http://search.km1818.com/10/operCateSearch.action?oid=8066,大米,http://www.km1818.com/products/119293.html,,,,,,http://www.km1818.com/products/119293.html,,,,,,,,
绿色食品,地方特产,http://search.km1818.com/10/operCateSearch.action?oid=8130,东北,http://www.km1818.com/products/35171.html,,,,,,http://www.km1818.com/products/35171.html,,,,,,,,
绿色食品,养生茶饮,http://search.km1818.com/10/operCateSearch.action?oid=8028,花草茶,http://www.km1818.com/products/3284.html,,,,,,http://www.km1818.com/products/3284.html,,,,,,,,
绿色食品,养生茶饮,http://search.km1818.com/10/operCateSearch.action?oid=8028,花草茶,http://www.km1818.com/products/3281.html,,,,,,http://www.km1818.com/products/3281.html,,,,,,,,
绿色食品,养生茶饮,http://search.km1818.com/10/operCateSearch.action?oid=8028,花草茶,http://www.km1818.com/products/3272.html,,,,,,http://www.km1818.com/products/3272.html,,,,,,,,
绿色食品,养生茶饮,http://search.km1818.com/10/operCateSearch.action?oid=8028,花草茶,http://www.km1818.com/products/119277.html,,,,,,http://www.km1818.com/products/119277.html,,,,,,,,
绿色食品,养生茶饮,http://search.km1818.com/10/operCateSearch.action?oid=8028,胖大海,http://www.km1818.com/products/118044.html,,,,,,http://www.km1818.com/products/118044.html,,,,,,,,
绿色食品,健康粮油,http://search.km1818.com/10/operCateSearch.action?oid=8066,大米,http://www.km1818.com/products/119295.html,,,,,,http://www.km1818.com/products/119295.html,,,,,,,,
绿色食品,养生茶饮,http://search.km1818.com/10/operCateSearch.action?oid=8028,花草茶,http://www.km1818.com/products/3980.html,,,,,,http://www.km1818.com/products/3980.html,,,,,,,,
绿色食品,养生茶饮,http://search.km1818.com/10/operCateSearch.action?oid=8028,花草茶,http://www.km1818.com/products/3286.html,,,,,,http://www.km1818.com/products/3286.html,,,,,,,,
绿色食品,养生茶饮,http://search.km1818.com/10/operCateSearch.action?oid=8028,花草茶,http://www.km1818.com/products/117456.html,,,,,,http://www.km1818.com/products/117456.html,,,,,,,,
绿色食品,养生食材,http://search.km1818.com/10/operCateSearch.action?oid=14566,百合,http://www.km1818.com/products/3285.html,,,,,,http://www.km1818.com/products/3285.html,,,,,,,,
绿色食品,养生食材,http://search.km1818.com/10/operCateSearch.action?oid=14566,枸杞,http://www.km1818.com/products/113360.html,,,,,,http://www.km1818.com/products/113360.html,,,,,,,,
绿色食品,养生食材,http://search.km1818.com/10/operCateSearch.action?oid=14566,枸杞,http://www.km1818.com/products/3300.html,,,,,,http://www.km1818.com/products/3300.html,,,,,,,,
绿色食品,健康零食,http://search.km1818.com/10/operCateSearch.action?oid=8047,枣类,http://www.km1818.com/products/3294.html,,,,,,http://www.km1818.com/products/3294.html,,,,,,,,
绿色食品,养生食材,http://search.km1818.com/10/operCateSearch.action?oid=14566,莲子,http://www.km1818.com/products/3274.html,,,,,,http://www.km1818.com/products/3274.html,,,,,,,,
绿色食品,养生食材,http://search.km1818.com/10/operCateSearch.action?oid=14566,山药,http://www.km1818.com/products/3288.html,,,,,,http://www.km1818.com/products/3288.html,,,,,,,,
海外健康,进口百货,http://search.km1818.com/10/operCateSearch.action?oid=14496,按摩器,http://www.km1818.com/products/58980.html,,,,,,http://www.km1818.com/products/58980.html,,,,,,,,
海外健康,进口百货,http://search.km1818.com/10/operCateSearch.action?oid=14496,助听器,http://www.km1818.com/products/105883.html,,,,,,http://www.km1818.com/products/105883.html,,,,,,,,
海外健康,进口百货,http://search.km1818.com/10/operCateSearch.action?oid=14496,助听器,http://www.km1818.com/products/105899.html,,,,,,http://www.km1818.com/products/105899.html,,,,,,,,
海外健康,进口药妆,http://search.km1818.com/10/operCateSearch.action?oid=14493,精油芳疗,http://www.km1818.com/products/86092.html,,,,,,http://www.km1818.com/products/86092.html,,,,,,,,
中药/滋补,贵细滋补,http://search.km1818.com/10/operCateSearch.action?oid=2795,三七,http://www.km1818.com/products/60854.html,,,,,,http://www.km1818.com/products/60854.html,,,,,,,,
中药/滋补,养生粉剂,http://search.km1818.com/10/operCateSearch.action?oid=14077,丹参粉,http://www.km1818.com/products/3452.html,,,,,,http://www.km1818.com/products/3452.html,,,,,,,,
中药/滋补,养生粉剂,http://search.km1818.com/10/operCateSearch.action?oid=14077,灵芝孢子粉,http://www.km1818.com/products/117107.html,,,,,,http://www.km1818.com/products/117107.html,,,,,,,,
中药/滋补,贵细滋补,http://search.km1818.com/10/operCateSearch.action?oid=2795,三七,http://www.km1818.com/products/70764.html,,,,,,http://www.km1818.com/products/70764.html,,,,,,,,
中药/滋补,养生粉剂,http://search.km1818.com/10/operCateSearch.action?oid=14077,灵芝孢子粉,http://www.km1818.com/products/63808.html,,,,,,http://www.km1818.com/products/63808.html,,,,,,,,
中药/滋补,养生粉剂,http://search.km1818.com/10/operCateSearch.action?oid=14077,灵芝孢子粉,http://www.km1818.com/products/117313.html,,,,,,http://www.km1818.com/products/117313.html,,,,,,,,
中药/滋补,养生粉剂,http://search.km1818.com/10/operCateSearch.action?oid=14077,灵芝孢子粉,http://www.km1818.com/products/117495.html,,,,,,http://www.km1818.com/products/117495.html,,,,,,,,
中药/滋补,贵细滋补,http://search.km1818.com/10/operCateSearch.action?oid=2795,三七,http://www.km1818.com/products/117642.html,,,,,,http://www.km1818.com/products/117642.html,,,,,,,,
中药/滋补,中药调理,http://search.km1818.com/10/operCateSearch.action?oid=14607,改善视力,http://www.km1818.com/products/117631.html,,,,,,http://www.km1818.com/products/117631.html,,,,,,,,
中药/滋补,中药调理,http://search.km1818.com/10/operCateSearch.action?oid=14607,美肌护肤,http://www.km1818.com/products/116996.html,,,,,,http://www.km1818.com/products/116996.html,,,,,,,,
中药/滋补,中药调理,http://search.km1818.com/10/operCateSearch.action?oid=14607,健脑益智,http://www.km1818.com/products/117092.html,,,,,,http://www.km1818.com/products/117092.html,,,,,,,,
中药/滋补,中药调理,http://search.km1818.com/10/operCateSearch.action?oid=14607,美肌护肤,http://www.km1818.com/products/117054.html,,,,,,http://www.km1818.com/products/117054.html,,,,,,,,
中药/滋补,中药调理,http://search.km1818.com/10/operCateSearch.action?oid=14607,美肌护肤,http://www.km1818.com/products/116995.html,,,,,,http://www.km1818.com/products/116995.html,,,,,,,,
中药/滋补,中药调理,http://search.km1818.com/10/operCateSearch.action?oid=14607,美肌护肤,http://www.km1818.com/products/114555.html,,,,,,http://www.km1818.com/products/114555.html,,,,,,,,
中药/滋补,中药调理,http://search.km1818.com/10/operCateSearch.action?oid=14607,美肌护肤,http://www.km1818.com/products/117122.html,,,,,,http://www.km1818.com/products/117122.html,,,,,,,,
中药/滋补,中药调理,http://search.km1818.com/10/operCateSearch.action?oid=14607,消脂瘦身,http://www.km1818.com/products/117106.html,,,,,,http://www.km1818.com/products/117106.html,,,,,,,,
中药/滋补,中药调理,http://search.km1818.com/10/operCateSearch.action?oid=14607,消脂瘦身,http://www.km1818.com/products/117103.html,,,,,,http://www.km1818.com/products/117103.html,,,,,,,,
医疗器械,家庭医疗箱,http://search.km1818.com/10/operCateSearch.action?oid=14447,理疗贴,http://www.km1818.com/products/107225.html,,,,,,http://www.km1818.com/products/107225.html,,,,,,,,
中药/滋补,中药调理,http://search.km1818.com/10/operCateSearch.action?oid=14607,消脂瘦身,http://www.km1818.com/products/117418.html,,,,,,http://www.km1818.com/products/117418.html,,,,,,,,
中药/滋补,中药调理,http://search.km1818.com/10/operCateSearch.action?oid=14607,消脂瘦身,http://www.km1818.com/products/117416.html,,,,,,http://www.km1818.com/products/117416.html,,,,,,,,
中药/滋补,中药调理,http://search.km1818.com/10/operCateSearch.action?oid=14607,消脂瘦身,http://www.km1818.com/products/117387.html,,,,,,http://www.km1818.com/products/117387.html,,,,,,,,
医疗器械,家庭医疗箱,http://search.km1818.com/10/operCateSearch.action?oid=14447,理疗贴,http://www.km1818.com/products/107245.html,,,,,,http://www.km1818.com/products/107245.html,,,,,,,,
医疗器械,家庭医疗箱,http://search.km1818.com/10/operCateSearch.action?oid=14447,理疗贴,http://www.km1818.com/products/107239.html,,,,,,http://www.km1818.com/products/107239.html,,,,,,,,
医疗器械,家庭医疗箱,http://search.km1818.com/10/operCateSearch.action?oid=14447,理疗贴,http://www.km1818.com/products/107233.html,,,,,,http://www.km1818.com/products/107233.html,,,,,,,,
医疗器械,家庭医疗箱,http://search.km1818.com/10/operCateSearch.action?oid=14447,理疗贴,http://www.km1818.com/products/107229.html,,,,,,http://www.km1818.com/products/107229.html,,,,,,,,
医疗器械,检测器材,http://search.km1818.com/10/operCateSearch.action?oid=3058,血压计,http://www.km1818.com/products/77153.html,,,,,,http://www.km1818.com/products/77153.html,,,,,,,,
医疗器械,检测器材,http://search.km1818.com/10/operCateSearch.action?oid=3058,血压计,http://www.km1818.com/products/116937.html,,,,,,http://www.km1818.com/products/116937.html,,,,,,,,
医疗器械,检测器材,http://search.km1818.com/10/operCateSearch.action?oid=3058,血压计,http://www.km1818.com/products/116935.html,,,,,,http://www.km1818.com/products/116935.html,,,,,,,,
医疗器械,检测器材,http://search.km1818.com/10/operCateSearch.action?oid=3058,血压计,http://www.km1818.com/products/116934.html,,,,,,http://www.km1818.com/products/116934.html,,,,,,,,
中药/滋补,中药调理,http://search.km1818.com/10/operCateSearch.action?oid=14607,消脂瘦身,http://www.km1818.com/products/117386.html,,,,,,http://www.km1818.com/products/117386.html,,,,,,,,
中药/滋补,中药调理,http://search.km1818.com/10/operCateSearch.action?oid=14607,消脂瘦身,http://www.km1818.com/products/117333.html,,,,,,http://www.km1818.com/products/117333.html,,,,,,,,
中药/滋补,中药调理,http://search.km1818.com/10/operCateSearch.action?oid=14607,消脂瘦身,http://www.km1818.com/products/117282.html,,,,,,http://www.km1818.com/products/117282.html,,,,,,,,
中药/滋补,中药调理,http://search.km1818.com/10/operCateSearch.action?oid=14607,消脂瘦身,http://www.km1818.com/products/117253.html,,,,,,http://www.km1818.com/products/117253.html,,,,,,,,
医疗器械,计生用品,http://search.km1818.com/10/operCateSearch.action?oid=13438,避孕安全,http://www.km1818.com/products/115272.html,,,,,,http://www.km1818.com/products/115272.html,,,,,,,,
健康护理/药妆,药妆系列,http://search.km1818.com/10/operCateSearch.action?oid=8143,痘痘痔疮,http://www.km1818.com/products/116630.html,,,,,,http://www.km1818.com/products/116630.html,,,,,,,,
医疗器械,计生用品,http://search.km1818.com/10/operCateSearch.action?oid=13438,避孕安全,http://www.km1818.com/products/117439.html,,,,,,http://www.km1818.com/products/117439.html,,,,,,,,
医疗器械,计生用品,http://search.km1818.com/10/operCateSearch.action?oid=13438,避孕安全,http://www.km1818.com/products/117438.html,,,,,,http://www.km1818.com/products/117438.html,,,,,,,,
医疗器械,计生用品,http://search.km1818.com/10/operCateSearch.action?oid=13438,避孕安全,http://www.km1818.com/products/117437.html,,,,,,http://www.km1818.com/products/117437.html,,,,,,,,
医疗器械,计生用品,http://search.km1818.com/10/operCateSearch.action?oid=13438,避孕安全,http://www.km1818.com/products/115292.html,,,,,,http://www.km1818.com/products/115292.html,,,,,,,,
健康护理/药妆,药妆系列,http://search.km1818.com/10/operCateSearch.action?oid=8143,痘痘痔疮,http://www.km1818.com/products/116629.html,,,,,,http://www.km1818.com/products/116629.html,,,,,,,,
健康护理/药妆,药妆系列,http://search.km1818.com/10/operCateSearch.action?oid=8143,痘痘痔疮,http://www.km1818.com/products/116628.html,,,,,,http://www.km1818.com/products/116628.html,,,,,,,,
医疗器械,计生用品,http://search.km1818.com/10/operCateSearch.action?oid=13438,避孕套,http://www.km1818.com/products/117443.html,,,,,,http://www.km1818.com/products/117443.html,,,,,,,,
医疗器械,计生用品,http://search.km1818.com/10/operCateSearch.action?oid=13438,避孕套,http://www.km1818.com/products/117442.html,,,,,,http://www.km1818.com/products/117442.html,,,,,,,,
医疗器械,计生用品,http://search.km1818.com/10/operCateSearch.action?oid=13438,避孕安全,http://www.km1818.com/products/117440.html,,,,,,http://www.km1818.com/products/117440.html,,,,,,,,
健康护理/药妆,药妆系列,http://search.km1818.com/10/operCateSearch.action?oid=8143,痘痘痔疮,http://www.km1818.com/products/116918.html,,,,,,http://www.km1818.com/products/116918.html,,,,,,,,
医疗器械,计生用品,http://search.km1818.com/10/operCateSearch.action?oid=13438,避孕套,http://www.km1818.com/products/117526.html,,,,,,http://www.km1818.com/products/117526.html,,,,,,,,
医疗器械,计生用品,http://search.km1818.com/10/operCateSearch.action?oid=13438,避孕套,http://www.km1818.com/products/117525.html,,,,,,http://www.km1818.com/products/117525.html,,,,,,,,
医疗器械,计生用品,http://search.km1818.com/10/operCateSearch.action?oid=13438,避孕套,http://www.km1818.com/products/117524.html,,,,,,http://www.km1818.com/products/117524.html,,,,,,,,
医疗器械,计生用品,http://search.km1818.com/10/operCateSearch.action?oid=13438,避孕套,http://www.km1818.com/products/117455.html,,,,,,http://www.km1818.com/products/117455.html,,,,,,,,
医疗器械,计生用品,http://search.km1818.com/10/operCateSearch.action?oid=13438,避孕套,http://www.km1818.com/products/117454.html,,,,,,http://www.km1818.com/products/117454.html,,,,,,,,
医疗器械,计生用品,http://search.km1818.com/10/operCateSearch.action?oid=13438,避孕套,http://www.km1818.com/products/117452.html,,,,,,http://www.km1818.com/products/117452.html,,,,,,,,
医疗器械,计生用品,http://search.km1818.com/10/operCateSearch.action?oid=13438,避孕套,http://www.km1818.com/products/117445.html,,,,,,http://www.km1818.com/products/117445.html,,,,,,,,
医疗器械,计生用品,http://search.km1818.com/10/operCateSearch.action?oid=13438,避孕套,http://www.km1818.com/products/117444.html,,,,,,http://www.km1818.com/products/117444.html,,,,,,,,
医疗器械,计生用品,http://search.km1818.com/10/operCateSearch.action?oid=13438,避孕套,http://www.km1818.com/products/117529.html,,,,,,http://www.km1818.com/products/117529.html,,,,,,,,
医疗器械,计生用品,http://search.km1818.com/10/operCateSearch.action?oid=13438,避孕套,http://www.km1818.com/products/117528.html,,,,,,http://www.km1818.com/products/117528.html,,,,,,,,
医疗器械,计生用品,http://search.km1818.com/10/operCateSearch.action?oid=13438,避孕套,http://www.km1818.com/products/118741.html,,,,,,http://www.km1818.com/products/118741.html,,,,,,,,
医疗器械,计生用品,http://search.km1818.com/10/operCateSearch.action?oid=13438,避孕套,http://www.km1818.com/products/117527.html,,,,,,http://www.km1818.com/products/117527.html,,,,,,,,
医疗器械,计生品牌,http://search.km1818.com/10/operCateSearch.action?oid=14437,第6感,http://www.km1818.com/products/37052.html,,,,,,http://www.km1818.com/products/37052.html,,,,,,,,
医疗器械,计生品牌,http://search.km1818.com/10/operCateSearch.action?oid=14437,第6感,http://www.km1818.com/products/37049.html,,,,,,http://www.km1818.com/products/37049.html,,,,,,,,
健康护理/药妆,面部护理,http://search.km1818.com/10/operCateSearch.action?oid=8149,面膜,http://www.km1818.com/products/116604.html,,,,,,http://www.km1818.com/products/116604.html,,,,,,,,
健康护理/药妆,面部护理,http://search.km1818.com/10/operCateSearch.action?oid=8149,面膜,http://www.km1818.com/products/116670.html,,,,,,http://www.km1818.com/products/116670.html,,,,,,,,
健康护理/药妆,面部护理,http://search.km1818.com/10/operCateSearch.action?oid=8149,面膜,http://www.km1818.com/products/116669.html,,,,,,http://www.km1818.com/products/116669.html,,,,,,,,
健康护理/药妆,面部护理,http://search.km1818.com/10/operCateSearch.action?oid=8149,面膜,http://www.km1818.com/products/84260.html,,,,,,http://www.km1818.com/products/84260.html,,,,,,,,
健康护理/药妆,药妆系列,http://search.km1818.com/10/operCateSearch.action?oid=8143,痘痘痔疮,http://www.km1818.com/products/116917.html,,,,,,http://www.km1818.com/products/116917.html,,,,,,,,
健康护理/药妆,身体护理,http://search.km1818.com/10/operCateSearch.action?oid=8164,香皂,http://www.km1818.com/products/117112.html,,,,,,http://www.km1818.com/products/117112.html,,,,,,,,
健康护理/药妆,药妆系列,http://search.km1818.com/10/operCateSearch.action?oid=8143,痘痘痔疮,http://www.km1818.com/products/116919.html,,,,,,http://www.km1818.com/products/116919.html,,,,,,,,
医疗器械,计生用品,http://search.km1818.com/10/operCateSearch.action?oid=13438,飞机杯,http://www.km1818.com/products/51159.html,,,,,,http://www.km1818.com/products/51159.html,,,,,,,,
医疗器械,计生用品,http://search.km1818.com/10/operCateSearch.action?oid=13438,飞机杯,http://www.km1818.com/products/51158.html,,,,,,http://www.km1818.com/products/51158.html,,,,,,,,
健康护理/药妆,面部护理,http://search.km1818.com/10/operCateSearch.action?oid=8149,面部护理套装,http://www.km1818.com/products/86099.html,,,,,,http://www.km1818.com/products/86099.html,,,,,,,,
医疗器械,检测器材,http://search.km1818.com/10/operCateSearch.action?oid=3058,血压计,http://www.km1818.com/products/108443.html,,,,,,http://www.km1818.com/products/108443.html,,,,,,,,
医疗器械,检测器材,http://search.km1818.com/10/operCateSearch.action?oid=3058,体温计,http://www.km1818.com/products/73848.html,,,,,,http://www.km1818.com/products/73848.html,,,,,,,,
健康护理/药妆,药妆系列,http://search.km1818.com/10/operCateSearch.action?oid=8143,美白淡斑,http://www.km1818.com/products/116633.html,,,,,,http://www.km1818.com/products/116633.html,,,,,,,,
健康护理/药妆,药妆系列,http://search.km1818.com/10/operCateSearch.action?oid=8143,美白淡斑,http://www.km1818.com/products/116854.html,,,,,,http://www.km1818.com/products/116854.html,,,,,,,,
健康护理/药妆,药妆系列,http://search.km1818.com/10/operCateSearch.action?oid=8143,美白淡斑,http://www.km1818.com/products/116632.html,,,,,,http://www.km1818.com/products/116632.html,,,,,,,,
健康护理/药妆,药妆系列,http://search.km1818.com/10/operCateSearch.action?oid=8143,美白淡斑,http://www.km1818.com/products/116631.html,,,,,,http://www.km1818.com/products/116631.html,,,,,,,,
健康护理/药妆,药妆系列,http://search.km1818.com/10/operCateSearch.action?oid=8143,美白淡斑,http://www.km1818.com/products/68532.html,,,,,,http://www.km1818.com/products/68532.html,,,,,,,,
中药/滋补,中药调理,http://search.km1818.com/10/operCateSearch.action?oid=14607,美肌护肤,http://www.km1818.com/products/112558.html,,,,,,http://www.km1818.com/products/112558.html,,,,,,,,
医疗器械,计生品牌,http://search.km1818.com/10/operCateSearch.action?oid=14437,杜蕾斯,http://www.km1818.com/products/117336.html,,,,,,http://www.km1818.com/products/117336.html,,,,,,,,
医疗器械,计生品牌,http://search.km1818.com/10/operCateSearch.action?oid=14437,冈本,http://www.km1818.com/products/3343.html,,,,,,http://www.km1818.com/products/3343.html,,,,,,,,
医疗器械,计生品牌,http://search.km1818.com/10/operCateSearch.action?oid=14437,杰士邦,http://www.km1818.com/products/119256.html,,,,,,http://www.km1818.com/products/119256.html,,,,,,,,
医疗器械,计生品牌,http://search.km1818.com/10/operCateSearch.action?oid=14437,杰士邦,http://www.km1818.com/products/119255.html,,,,,,http://www.km1818.com/products/119255.html,,,,,,,,
医疗器械,计生品牌,http://search.km1818.com/10/operCateSearch.action?oid=14437,杰士邦,http://www.km1818.com/products/119254.html,,,,,,http://www.km1818.com/products/119254.html,,,,,,,,
医疗器械,计生品牌,http://search.km1818.com/10/operCateSearch.action?oid=14437,杰士邦,http://www.km1818.com/products/119241.html,,,,,,http://www.km1818.com/products/119241.html,,,,,,,,
医疗器械,计生品牌,http://search.km1818.com/10/operCateSearch.action?oid=14437,杰士邦,http://www.km1818.com/products/119234.html,,,,,,http://www.km1818.com/products/119234.html,,,,,,,,
医疗器械,计生品牌,http://search.km1818.com/10/operCateSearch.action?oid=14437,杜蕾斯,http://www.km1818.com/products/3323.html,,,,,,http://www.km1818.com/products/3323.html,,,,,,,,
医疗器械,计生品牌,http://search.km1818.com/10/operCateSearch.action?oid=14437,杜蕾斯,http://www.km1818.com/products/118743.html,,,,,,http://www.km1818.com/products/118743.html,,,,,,,,
医疗器械,计生品牌,http://search.km1818.com/10/operCateSearch.action?oid=14437,杰士邦,http://www.km1818.com/products/36490.html,,,,,,http://www.km1818.com/products/36490.html,,,,,,,,
医疗器械,计生品牌,http://search.km1818.com/10/operCateSearch.action?oid=14437,杜蕾斯,http://www.km1818.com/products/3333.html,,,,,,http://www.km1818.com/products/3333.html,,,,,,,,
医疗器械,计生品牌,http://search.km1818.com/10/operCateSearch.action?oid=14437,杜蕾斯,http://www.km1818.com/products/3325.html,,,,,,http://www.km1818.com/products/3325.html,,,,,,,,
医疗器械,计生品牌,http://search.km1818.com/10/operCateSearch.action?oid=14437,杰士邦,http://www.km1818.com/products/119260.html,,,,,,http://www.km1818.com/products/119260.html,,,,,,,,
医疗器械,计生品牌,http://search.km1818.com/10/operCateSearch.action?oid=14437,杰士邦,http://www.km1818.com/products/119259.html,,,,,,http://www.km1818.com/products/119259.html,,,,,,,,
医疗器械,计生品牌,http://search.km1818.com/10/operCateSearch.action?oid=14437,杰士邦,http://www.km1818.com/products/119258.html,,,,,,http://www.km1818.com/products/119258.html,,,,,,,,
医疗器械,计生品牌,http://search.km1818.com/10/operCateSearch.action?oid=14437,杰士邦,http://www.km1818.com/products/119257.html,,,,,,http://www.km1818.com/products/119257.html,,,,,,,,
医疗器械,计生品牌,http://search.km1818.com/10/operCateSearch.action?oid=14437,名流,http://www.km1818.com/products/119266.html,,,,,,http://www.km1818.com/products/119266.html,,,,,,,,
医疗器械,计生品牌,http://search.km1818.com/10/operCateSearch.action?oid=14437,名流,http://www.km1818.com/products/119265.html,,,,,,http://www.km1818.com/products/119265.html,,,,,,,,
医疗器械,计生品牌,http://search.km1818.com/10/operCateSearch.action?oid=14437,名流,http://www.km1818.com/products/119264.html,,,,,,http://www.km1818.com/products/119264.html,,,,,,,,
医疗器械,计生品牌,http://search.km1818.com/10/operCateSearch.action?oid=14437,名流,http://www.km1818.com/products/119263.html,,,,,,http://www.km1818.com/products/119263.html,,,,,,,,
医疗器械,计生品牌,http://search.km1818.com/10/operCateSearch.action?oid=14437,名流,http://www.km1818.com/products/119262.html,,,,,,http://www.km1818.com/products/119262.html,,,,,,,,
医疗器械,计生品牌,http://search.km1818.com/10/operCateSearch.action?oid=14437,杜蕾斯,http://www.km1818.com/products/3349.html,,,,,,http://www.km1818.com/products/3349.html,,,,,,,,
医疗器械,计生品牌,http://search.km1818.com/10/operCateSearch.action?oid=14437,杜蕾斯,http://www.km1818.com/products/3347.html,,,,,,http://www.km1818.com/products/3347.html,,,,,,,,
医疗器械,计生品牌,http://search.km1818.com/10/operCateSearch.action?oid=14437,杜蕾斯,http://www.km1818.com/products/72386.html,,,,,,http://www.km1818.com/products/72386.html,,,,,,,,
医疗器械,计生品牌,http://search.km1818.com/10/operCateSearch.action?oid=14437,杜蕾斯,http://www.km1818.com/products/36778.html,,,,,,http://www.km1818.com/products/36778.html,,,,,,,,
医疗器械,计生品牌,http://search.km1818.com/10/operCateSearch.action?oid=14437,杜蕾斯,http://www.km1818.com/products/3360.html,,,,,,http://www.km1818.com/products/3360.html,,,,,,,,
医疗器械,计生品牌,http://search.km1818.com/10/operCateSearch.action?oid=14437,杜蕾斯,http://www.km1818.com/products/3355.html,,,,,,http://www.km1818.com/products/3355.html,,,,,,,,
医疗器械,计生品牌,http://search.km1818.com/10/operCateSearch.action?oid=14437,杜蕾斯,http://www.km1818.com/products/3351.html,,,,,,http://www.km1818.com/products/3351.html,,,,,,,,
医疗器械,健康电器,http://search.km1818.com/10/operCateSearch.action?oid=12300,按摩器,http://www.km1818.com/products/68544.html,,,,,,http://www.km1818.com/products/68544.html,,,,,,,,
医疗器械,健康电器,http://search.km1818.com/10/operCateSearch.action?oid=12300,按摩器,http://www.km1818.com/products/68538.html,,,,,,http://www.km1818.com/products/68538.html,,,,,,,,
医疗器械,计生品牌,http://search.km1818.com/10/operCateSearch.action?oid=14437,杜蕾斯,http://www.km1818.com/products/3345.html,,,,,,http://www.km1818.com/products/3345.html,,,,,,,,
医疗器械,计生品牌,http://search.km1818.com/10/operCateSearch.action?oid=14437,杜蕾斯,http://www.km1818.com/products/83069.html,,,,,,http://www.km1818.com/products/83069.html,,,,,,,,
医疗器械,辅助治疗仪,http://search.km1818.com/10/operCateSearch.action?oid=3068,颈椎治疗仪,http://www.km1818.com/products/68550.html,,,,,,http://www.km1818.com/products/68550.html,,,,,,,,
医疗器械,计生品牌,http://search.km1818.com/10/operCateSearch.action?oid=14437,杜蕾斯,http://www.km1818.com/products/3341.html,,,,,,http://www.km1818.com/products/3341.html,,,,,,,,
医疗器械,计生品牌,http://search.km1818.com/10/operCateSearch.action?oid=14437,杜蕾斯,http://www.km1818.com/products/3340.html,,,,,,http://www.km1818.com/products/3340.html,,,,,,,,
医疗器械,计生品牌,http://search.km1818.com/10/operCateSearch.action?oid=14437,杜蕾斯,http://www.km1818.com/products/3337.html,,,,,,http://www.km1818.com/products/3337.html,,,,,,,,
医疗器械,计生品牌,http://search.km1818.com/10/operCateSearch.action?oid=14437,杜蕾斯,http://www.km1818.com/products/3334.html,,,,,,http://www.km1818.com/products/3334.html,,,,,,,,
医疗器械,健康电器,http://search.km1818.com/10/operCateSearch.action?oid=12300,甩脂机,http://www.km1818.com/products/58975.html,,,,,,http://www.km1818.com/products/58975.html,,,,,,,,
医疗器械,健康电器,http://search.km1818.com/10/operCateSearch.action?oid=12300,按摩器,http://www.km1818.com/products/68520.html,,,,,,http://www.km1818.com/products/68520.html,,,,,,,,
医疗器械,计生品牌,http://search.km1818.com/10/operCateSearch.action?oid=14437,杰士邦,http://www.km1818.com/products/119233.html,,,,,,http://www.km1818.com/products/119233.html,,,,,,,,
医疗器械,计生品牌,http://search.km1818.com/10/operCateSearch.action?oid=14437,杰士邦,http://www.km1818.com/products/119049.html,,,,,,http://www.km1818.com/products/119049.html,,,,,,,,
医疗器械,计生品牌,http://search.km1818.com/10/operCateSearch.action?oid=14437,杰士邦,http://www.km1818.com/products/119044.html,,,,,,http://www.km1818.com/products/119044.html,,,,,,,,
医疗器械,计生品牌,http://search.km1818.com/10/operCateSearch.action?oid=14437,杰士邦,http://www.km1818.com/products/119043.html,,,,,,http://www.km1818.com/products/119043.html,,,,,,,,
医疗器械,计生品牌,http://search.km1818.com/10/operCateSearch.action?oid=14437,杰士邦,http://www.km1818.com/products/119040.html,,,,,,http://www.km1818.com/products/119040.html,,,,,,,,
医疗器械,计生品牌,http://search.km1818.com/10/operCateSearch.action?oid=14437,杰士邦,http://www.km1818.com/products/119038.html,,,,,,http://www.km1818.com/products/119038.html,,,,,,,,
医疗器械,计生品牌,http://search.km1818.com/10/operCateSearch.action?oid=14437,名流,http://www.km1818.com/products/119261.html,,,,,,http://www.km1818.com/products/119261.html,,,,,,,,
中药/滋补,中药调理,http://search.km1818.com/10/operCateSearch.action?oid=14607,美肌护肤,http://www.km1818.com/products/108394.html,,,,,,http://www.km1818.com/products/108394.html,,,,,,,,
医疗器械,辅助治疗仪,http://search.km1818.com/10/operCateSearch.action?oid=3068,拔罐器,http://www.km1818.com/products/106462.html,,,,,,http://www.km1818.com/products/106462.html,,,,,,,,
医疗器械,辅助治疗仪,http://search.km1818.com/10/operCateSearch.action?oid=3068,拔罐器,http://www.km1818.com/products/106463.html,,,,,,http://www.km1818.com/products/106463.html,,,,,,,,
医疗器械,家庭医疗箱,http://search.km1818.com/10/operCateSearch.action?oid=14447,退热贴,http://www.km1818.com/products/115082.html,,,,,,http://www.km1818.com/products/115082.html,,,,,,,,
医疗器械,家庭医疗箱,http://search.km1818.com/10/operCateSearch.action?oid=14447,药箱,http://www.km1818.com/products/116161.html,,,,,,http://www.km1818.com/products/116161.html,,,,,,,,
中药/滋补,养生粉剂,http://search.km1818.com/10/operCateSearch.action?oid=14077,西洋参粉,http://www.km1818.com/products/69482.html,,,,,,http://www.km1818.com/products/69482.html,,,,,,,,
中药/滋补,贵细滋补,http://search.km1818.com/10/operCateSearch.action?oid=2795,石斛,http://www.km1818.com/products/3391.html,,,,,,http://www.km1818.com/products/3391.html,,,,,,,,
中药/滋补,贵细滋补,http://search.km1818.com/10/operCateSearch.action?oid=2795,灵芝,http://www.km1818.com/products/3275.html,,,,,,http://www.km1818.com/products/3275.html,,,,,,,,
中药/滋补,贵细滋补,http://search.km1818.com/10/operCateSearch.action?oid=2795,燕窝,http://www.km1818.com/products/119282.html,,,,,,http://www.km1818.com/products/119282.html,,,,,,,,
中药/滋补,贵细滋补,http://search.km1818.com/10/operCateSearch.action?oid=2795,燕窝,http://www.km1818.com/products/117517.html,,,,,,http://www.km1818.com/products/117517.html,,,,,,,,
中药/滋补,贵细滋补,http://search.km1818.com/10/operCateSearch.action?oid=2795,燕窝,http://www.km1818.com/products/119281.html,,,,,,http://www.km1818.com/products/119281.html,,,,,,,,
中药/滋补,贵细滋补,http://search.km1818.com/10/operCateSearch.action?oid=2795,冬虫夏草,http://www.km1818.com/products/117472.html,,,,,,http://www.km1818.com/products/117472.html,,,,,,,,
中药/滋补,贵细滋补,http://search.km1818.com/10/operCateSearch.action?oid=2795,冬虫夏草,http://www.km1818.com/products/117474.html,,,,,,http://www.km1818.com/products/117474.html,,,,,,,,
中药/滋补,贵细滋补,http://search.km1818.com/10/operCateSearch.action?oid=2795,冬虫夏草,http://www.km1818.com/products/117473.html,,,,,,http://www.km1818.com/products/117473.html,,,,,,,,
中药/滋补,贵细滋补,http://search.km1818.com/10/operCateSearch.action?oid=2795,燕窝,http://www.km1818.com/products/117516.html,,,,,,http://www.km1818.com/products/117516.html,,,,,,,,
中药/滋补,贵细滋补,http://search.km1818.com/10/operCateSearch.action?oid=2795,燕窝,http://www.km1818.com/products/117515.html,,,,,,http://www.km1818.com/products/117515.html,,,,,,,,
中药/滋补,贵细滋补,http://search.km1818.com/10/operCateSearch.action?oid=2795,燕窝,http://www.km1818.com/products/117514.html,,,,,,http://www.km1818.com/products/117514.html,,,,,,,,
中药/滋补,贵细滋补,http://search.km1818.com/10/operCateSearch.action?oid=2795,燕窝,http://www.km1818.com/products/117463.html,,,,,,http://www.km1818.com/products/117463.html,,,,,,,,
中药/滋补,贵细滋补,http://search.km1818.com/10/operCateSearch.action?oid=2795,冬虫夏草,http://www.km1818.com/products/117475.html,,,,,,http://www.km1818.com/products/117475.html,,,,,,,,
中药/滋补,贵细滋补,http://search.km1818.com/10/operCateSearch.action?oid=2795,燕窝,http://www.km1818.com/products/117449.html,,,,,,http://www.km1818.com/products/117449.html,,,,,,,,
中药/滋补,贵细滋补,http://search.km1818.com/10/operCateSearch.action?oid=2795,燕窝,http://www.km1818.com/products/117447.html,,,,,,http://www.km1818.com/products/117447.html,,,,,,,,
中药/滋补,贵细滋补,http://search.km1818.com/10/operCateSearch.action?oid=2795,当归,http://www.km1818.com/products/13463.html,,,,,,http://www.km1818.com/products/13463.html,,,,,,,,
中药/滋补,贵细滋补,http://search.km1818.com/10/operCateSearch.action?oid=2795,当归,http://www.km1818.com/products/38883.html,,,,,,http://www.km1818.com/products/38883.html,,,,,,,,
中药/滋补,贵细滋补,http://search.km1818.com/10/operCateSearch.action?oid=2795,当归,http://www.km1818.com/products/3295.html,,,,,,http://www.km1818.com/products/3295.html,,,,,,,,
中药/滋补,贵细滋补,http://search.km1818.com/10/operCateSearch.action?oid=2795,当归,http://www.km1818.com/products/26602.html,,,,,,http://www.km1818.com/products/26602.html,,,,,,,,
中药/滋补,贵细滋补,http://search.km1818.com/10/operCateSearch.action?oid=2795,当归,http://www.km1818.com/products/26523.html,,,,,,http://www.km1818.com/products/26523.html,,,,,,,,
绿色食品,地方特产,http://search.km1818.com/10/operCateSearch.action?oid=8130,华南,http://www.km1818.com/products/35284.html,,,,,,http://www.km1818.com/products/35284.html,,,,,,,,
绿色食品,地方特产,http://search.km1818.com/10/operCateSearch.action?oid=8130,华南,http://www.km1818.com/products/35269.html,,,,,,http://www.km1818.com/products/35269.html,,,,,,,,
绿色食品,地方特产,http://search.km1818.com/10/operCateSearch.action?oid=8130,华南,http://www.km1818.com/products/35170.html,,,,,,http://www.km1818.com/products/35170.html,,,,,,,,
绿色食品,地方特产,http://search.km1818.com/10/operCateSearch.action?oid=8130,华南,http://www.km1818.com/products/14454.html,,,,,,http://www.km1818.com/products/14454.html,,,,,,,,
绿色食品,地方特产,http://search.km1818.com/10/operCateSearch.action?oid=8130,华南,http://www.km1818.com/products/13960.html,,,,,,http://www.km1818.com/products/13960.html,,,,,,,,
绿色食品,地方特产,http://search.km1818.com/10/operCateSearch.action?oid=8130,西北,http://www.km1818.com/products/117959.html,,,,,,http://www.km1818.com/products/117959.html,,,,,,,,
绿色食品,地方特产,http://search.km1818.com/10/operCateSearch.action?oid=8130,东北,http://www.km1818.com/products/119304.html,,,,,,http://www.km1818.com/products/119304.html,,,,,,,,
绿色食品,地方特产,http://search.km1818.com/10/operCateSearch.action?oid=8130,东北,http://www.km1818.com/products/117446.html,,,,,,http://www.km1818.com/products/117446.html,,,,,,,,
绿色食品,地方特产,http://search.km1818.com/10/operCateSearch.action?oid=8130,华北,http://www.km1818.com/products/35165.html,,,,,,http://www.km1818.com/products/35165.html,,,,,,,,
绿色食品,地方特产,http://search.km1818.com/10/operCateSearch.action?oid=8130,华中,http://www.km1818.com/products/42998.html,,,,,,http://www.km1818.com/products/42998.html,,,,,,,,
绿色食品,养生食材,http://search.km1818.com/10/operCateSearch.action?oid=14566,牛蒡,http://www.km1818.com/products/13682.html,,,,,,http://www.km1818.com/products/13682.html,,,,,,,,
绿色食品,养生食材,http://search.km1818.com/10/operCateSearch.action?oid=14566,黄芪,http://www.km1818.com/products/15344.html,,,,,,http://www.km1818.com/products/15344.html,,,,,,,,
绿色食品,地方特产,http://search.km1818.com/10/operCateSearch.action?oid=8130,华东,http://www.km1818.com/products/13795.html,,,,,,http://www.km1818.com/products/13795.html,,,,,,,,
绿色食品,养生食材,http://search.km1818.com/10/operCateSearch.action?oid=14566,牛蒡,http://www.km1818.com/products/35082.html,,,,,,http://www.km1818.com/products/35082.html,,,,,,,,
绿色食品,养生食材,http://search.km1818.com/10/operCateSearch.action?oid=14566,牛蒡,http://www.km1818.com/products/14310.html,,,,,,http://www.km1818.com/products/14310.html,,,,,,,,
绿色食品,养生食材,http://search.km1818.com/10/operCateSearch.action?oid=14566,牛蒡,http://www.km1818.com/products/13844.html,,,,,,http://www.km1818.com/products/13844.html,,,,,,,,
绿色食品,养生食材,http://search.km1818.com/10/operCateSearch.action?oid=14566,黄芪,http://www.km1818.com/products/3273.html,,,,,,http://www.km1818.com/products/3273.html,,,,,,,,
OTC/专科药品,呼吸科/肠胃科,http://search.km1818.com/10/operCateSearch.action?oid=2995,胃痛/胃炎,http://www.km1818.com/products/5014.html,,,,,,http://www.km1818.com/products/5014.html,,,,,,,,
OTC/专科药品,家庭常备,http://search.km1818.com/10/operCateSearch.action?oid=2984,发热头痛,http://www.km1818.com/products/54902.html,,,,,,http://www.km1818.com/products/54902.html,,,,,,,,
OTC/专科药品,少儿科,http://search.km1818.com/10/operCateSearch.action?oid=14648,咳嗽/咳喘,http://www.km1818.com/products/59330.html,,,,,,http://www.km1818.com/products/59330.html,,,,,,,,
OTC/专科药品,呼吸科/肠胃科,http://search.km1818.com/10/operCateSearch.action?oid=2995,反酸/胃酸,http://www.km1818.com/products/16283.html,,,,,,http://www.km1818.com/products/16283.html,,,,,,,,
OTC/专科药品,家庭常备,http://search.km1818.com/10/operCateSearch.action?oid=2984,皮肤过敏,http://www.km1818.com/products/72431.html,,,,,,http://www.km1818.com/products/72431.html,,,,,,,,
OTC/专科药品,少儿科,http://search.km1818.com/10/operCateSearch.action?oid=14648,咳嗽/咳喘,http://www.km1818.com/products/117028.html,,,,,,http://www.km1818.com/products/117028.html,,,,,,,,
OTC/专科药品,家庭常备,http://search.km1818.com/10/operCateSearch.action?oid=2984,感冒咳嗽,http://www.km1818.com/products/4974.html,,,,,,http://www.km1818.com/products/4974.html,,,,,,,,
OTC/专科药品,家庭常备,http://search.km1818.com/10/operCateSearch.action?oid=2984,感冒咳嗽,http://www.km1818.com/products/4971.html,,,,,,http://www.km1818.com/products/4971.html,,,,,,,,
OTC/专科药品,家庭常备,http://search.km1818.com/10/operCateSearch.action?oid=2984,消化不良,http://www.km1818.com/products/81170.html,,,,,,http://www.km1818.com/products/81170.html,,,,,,,,
OTC/专科药品,呼吸科/肠胃科,http://search.km1818.com/10/operCateSearch.action?oid=2995,痔疮,http://www.km1818.com/products/5407.html,,,,,,http://www.km1818.com/products/5407.html,,,,,,,,
OTC/专科药品,呼吸科/肠胃科,http://search.km1818.com/10/operCateSearch.action?oid=2995,痔疮,http://www.km1818.com/products/5380.html,,,,,,http://www.km1818.com/products/5380.html,,,,,,,,
OTC/专科药品,呼吸科/肠胃科,http://search.km1818.com/10/operCateSearch.action?oid=2995,驱虫药,http://www.km1818.com/products/5004.html,,,,,,http://www.km1818.com/products/5004.html,,,,,,,,
OTC/专科药品,家庭常备,http://search.km1818.com/10/operCateSearch.action?oid=2984,皮肤过敏,http://www.km1818.com/products/59101.html,,,,,,http://www.km1818.com/products/59101.html,,,,,,,,
OTC/专科药品,家庭常备,http://search.km1818.com/10/operCateSearch.action?oid=2984,皮肤过敏,http://www.km1818.com/products/117266.html,,,,,,http://www.km1818.com/products/117266.html,,,,,,,,
OTC/专科药品,家庭常备,http://search.km1818.com/10/operCateSearch.action?oid=2984,皮肤过敏,http://www.km1818.com/products/117265.html,,,,,,http://www.km1818.com/products/117265.html,,,,,,,,
OTC/专科药品,家庭常备,http://search.km1818.com/10/operCateSearch.action?oid=2984,皮肤过敏,http://www.km1818.com/products/117231.html,,,,,,http://www.km1818.com/products/117231.html,,,,,,,,
OTC/专科药品,家庭常备,http://search.km1818.com/10/operCateSearch.action?oid=2984,皮肤过敏,http://www.km1818.com/products/117230.html,,,,,,http://www.km1818.com/products/117230.html,,,,,,,,
OTC/专科药品,家庭常备,http://search.km1818.com/10/operCateSearch.action?oid=2984,皮肤过敏,http://www.km1818.com/products/117133.html,,,,,,http://www.km1818.com/products/117133.html,,,,,,,,
OTC/专科药品,家庭常备,http://search.km1818.com/10/operCateSearch.action?oid=2984,皮肤过敏,http://www.km1818.com/products/114226.html,,,,,,http://www.km1818.com/products/114226.html,,,,,,,,
OTC/专科药品,家庭常备,http://search.km1818.com/10/operCateSearch.action?oid=2984,皮肤过敏,http://www.km1818.com/products/108508.html,,,,,,http://www.km1818.com/products/108508.html,,,,,,,,
OTC/专科药品,家庭常备,http://search.km1818.com/10/operCateSearch.action?oid=2984,感冒咳嗽,http://www.km1818.com/products/4968.html,,,,,,http://www.km1818.com/products/4968.html,,,,,,,,
营养保健,按功效,http://search.km1818.com/10/operCateSearch.action?oid=4042,补充维生素,http://www.km1818.com/products/117042.html,,,,,,http://www.km1818.com/products/117042.html,,,,,,,,
OTC/专科药品,家庭常备,http://search.km1818.com/10/operCateSearch.action?oid=2984,感冒咳嗽,http://www.km1818.com/products/4963.html,,,,,,http://www.km1818.com/products/4963.html,,,,,,,,
OTC/专科药品,家庭常备,http://search.km1818.com/10/operCateSearch.action?oid=2984,感冒咳嗽,http://www.km1818.com/products/4960.html,,,,,,http://www.km1818.com/products/4960.html,,,,,,,,
营养保健,按功效,http://search.km1818.com/10/operCateSearch.action?oid=4042,补充维生素,http://www.km1818.com/products/118032.html,,,,,,http://www.km1818.com/products/118032.html,,,,,,,,
营养保健,按功效,http://search.km1818.com/10/operCateSearch.action?oid=4042,补充维生素,http://www.km1818.com/products/117965.html,,,,,,http://www.km1818.com/products/117965.html,,,,,,,,
营养保健,按功效,http://search.km1818.com/10/operCateSearch.action?oid=4042,补充维生素,http://www.km1818.com/products/117436.html,,,,,,http://www.km1818.com/products/117436.html,,,,,,,,
营养保健,按功效,http://search.km1818.com/10/operCateSearch.action?oid=4042,补充维生素,http://www.km1818.com/products/117429.html,,,,,,http://www.km1818.com/products/117429.html,,,,,,,,
营养保健,按功效,http://search.km1818.com/10/operCateSearch.action?oid=4042,补充维生素,http://www.km1818.com/products/117046.html,,,,,,http://www.km1818.com/products/117046.html,,,,,,,,
OTC/专科药品,家庭常备,http://search.km1818.com/10/operCateSearch.action?oid=2984,感冒咳嗽,http://www.km1818.com/products/4957.html,,,,,,http://www.km1818.com/products/4957.html,,,,,,,,
OTC/专科药品,家庭常备,http://search.km1818.com/10/operCateSearch.action?oid=2984,感冒咳嗽,http://www.km1818.com/products/4951.html,,,,,,http://www.km1818.com/products/4951.html,,,,,,,,
营养保健,按功效,http://search.km1818.com/10/operCateSearch.action?oid=4042,补充维生素,http://www.km1818.com/products/117431.html,,,,,,http://www.km1818.com/products/117431.html,,,,,,,,
营养保健,按功效,http://search.km1818.com/10/operCateSearch.action?oid=4042,补充维生素,http://www.km1818.com/products/118033.html,,,,,,http://www.km1818.com/products/118033.html,,,,,,,,
营养保健,按功效,http://search.km1818.com/10/operCateSearch.action?oid=4042,减肥瘦身,http://www.km1818.com/products/116724.html,,,,,,http://www.km1818.com/products/116724.html,,,,,,,,
OTC/专科药品,家庭常备,http://search.km1818.com/10/operCateSearch.action?oid=2984,创可贴,http://www.km1818.com/products/8935.html,,,,,,http://www.km1818.com/products/8935.html,,,,,,,,
OTC/专科药品,家庭常备,http://search.km1818.com/10/operCateSearch.action?oid=2984,创可贴,http://www.km1818.com/products/5426.html,,,,,,http://www.km1818.com/products/5426.html,,,,,,,,
OTC/专科药品,家庭常备,http://search.km1818.com/10/operCateSearch.action?oid=2984,创可贴,http://www.km1818.com/products/5410.html,,,,,,http://www.km1818.com/products/5410.html,,,,,,,,
营养保健,按功效,http://search.km1818.com/10/operCateSearch.action?oid=4042,减肥瘦身,http://www.km1818.com/products/117373.html,,,,,,http://www.km1818.com/products/117373.html,,,,,,,,
营养保健,按功效,http://search.km1818.com/10/operCateSearch.action?oid=4042,减肥瘦身,http://www.km1818.com/products/116723.html,,,,,,http://www.km1818.com/products/116723.html,,,,,,,,
营养保健,按功效,http://search.km1818.com/10/operCateSearch.action?oid=4042,减肥瘦身,http://www.km1818.com/products/116722.html,,,,,,http://www.km1818.com/products/116722.html,,,,,,,,
OTC/专科药品,家庭常备,http://search.km1818.com/10/operCateSearch.action?oid=2984,腹痛腹泻,http://www.km1818.com/products/15326.html,,,,,,http://www.km1818.com/products/15326.html,,,,,,,,
OTC/专科药品,家庭常备,http://search.km1818.com/10/operCateSearch.action?oid=2984,腹痛腹泻,http://www.km1818.com/products/15303.html,,,,,,http://www.km1818.com/products/15303.html,,,,,,,,
OTC/专科药品,家庭常备,http://search.km1818.com/10/operCateSearch.action?oid=2984,消炎药,http://www.km1818.com/products/7850.html,,,,,,http://www.km1818.com/products/7850.html,,,,,,,,
OTC/专科药品,家庭常备,http://search.km1818.com/10/operCateSearch.action?oid=2984,消炎药,http://www.km1818.com/products/55282.html,,,,,,http://www.km1818.com/products/55282.html,,,,,,,,
OTC/专科药品,家庭常备,http://search.km1818.com/10/operCateSearch.action?oid=2984,消炎药,http://www.km1818.com/products/117393.html,,,,,,http://www.km1818.com/products/117393.html,,,,,,,,
OTC/专科药品,家庭常备,http://search.km1818.com/10/operCateSearch.action?oid=2984,消炎药,http://www.km1818.com/products/117261.html,,,,,,http://www.km1818.com/products/117261.html,,,,,,,,
OTC/专科药品,家庭常备,http://search.km1818.com/10/operCateSearch.action?oid=2984,消炎药,http://www.km1818.com/products/117248.html,,,,,,http://www.km1818.com/products/117248.html,,,,,,,,
OTC/专科药品,家庭常备,http://search.km1818.com/10/operCateSearch.action?oid=2984,感冒咳嗽,http://www.km1818.com/products/4947.html,,,,,,http://www.km1818.com/products/4947.html,,,,,,,,
营养保健,按功效,http://search.km1818.com/10/operCateSearch.action?oid=4042,排毒养颜,http://www.km1818.com/products/117450.html,,,,,,http://www.km1818.com/products/117450.html,,,,,,,,
营养保健,按功效,http://search.km1818.com/10/operCateSearch.action?oid=4042,补充钙铁锌,http://www.km1818.com/products/117040.html,,,,,,http://www.km1818.com/products/117040.html,,,,,,,,
OTC/专科药品,家庭常备,http://search.km1818.com/10/operCateSearch.action?oid=2984,感冒咳嗽,http://www.km1818.com/products/4946.html,,,,,,http://www.km1818.com/products/4946.html,,,,,,,,
OTC/专科药品,家庭常备,http://search.km1818.com/10/operCateSearch.action?oid=2984,感冒咳嗽,http://www.km1818.com/products/4943.html,,,,,,http://www.km1818.com/products/4943.html,,,,,,,,
营养保健,按功效,http://search.km1818.com/10/operCateSearch.action?oid=4042,补充钙铁锌,http://www.km1818.com/products/60417.html,,,,,,http://www.km1818.com/products/60417.html,,,,,,,,
营养保健,按功效,http://search.km1818.com/10/operCateSearch.action?oid=4042,补充钙铁锌,http://www.km1818.com/products/117045.html,,,,,,http://www.km1818.com/products/117045.html,,,,,,,,
OTC/专科药品,家庭常备,http://search.km1818.com/10/operCateSearch.action?oid=2984,感冒咳嗽,http://www.km1818.com/products/4940.html,,,,,,http://www.km1818.com/products/4940.html,,,,,,,,
OTC/专科药品,家庭常备,http://search.km1818.com/10/operCateSearch.action?oid=2984,感冒咳嗽,http://www.km1818.com/products/45661.html,,,,,,http://www.km1818.com/products/45661.html,,,,,,,,
OTC/专科药品,家庭常备,http://search.km1818.com/10/operCateSearch.action?oid=2984,感冒咳嗽,http://www.km1818.com/products/16284.html,,,,,,http://www.km1818.com/products/16284.html,,,,,,,,
OTC/专科药品,家庭常备,http://search.km1818.com/10/operCateSearch.action?oid=2984,感冒咳嗽,http://www.km1818.com/products/117993.html,,,,,,http://www.km1818.com/products/117993.html,,,,,,,,
OTC/专科药品,家庭常备,http://search.km1818.com/10/operCateSearch.action?oid=2984,感冒咳嗽,http://www.km1818.com/products/117967.html,,,,,,http://www.km1818.com/products/117967.html,,,,,,,,
OTC/专科药品,家庭常备,http://search.km1818.com/10/operCateSearch.action?oid=2984,感冒咳嗽,http://www.km1818.com/products/117625.html,,,,,,http://www.km1818.com/products/117625.html,,,,,,,,
OTC/专科药品,家庭常备,http://search.km1818.com/10/operCateSearch.action?oid=2984,消炎药,http://www.km1818.com/products/107726.html,,,,,,http://www.km1818.com/products/107726.html,,,,,,,,
OTC/专科药品,家庭常备,http://search.km1818.com/10/operCateSearch.action?oid=2984,感冒咳嗽,http://www.km1818.com/products/117394.html,,,,,,http://www.km1818.com/products/117394.html,,,,,,,,
OTC/专科药品,家庭常备,http://search.km1818.com/10/operCateSearch.action?oid=2984,感冒咳嗽,http://www.km1818.com/products/117310.html,,,,,,http://www.km1818.com/products/117310.html,,,,,,,,
OTC/专科药品,家庭常备,http://search.km1818.com/10/operCateSearch.action?oid=2984,感冒咳嗽,http://www.km1818.com/products/117181.html,,,,,,http://www.km1818.com/products/117181.html,,,,,,,,
OTC/专科药品,家庭常备,http://search.km1818.com/10/operCateSearch.action?oid=2984,感冒咳嗽,http://www.km1818.com/products/117023.html,,,,,,http://www.km1818.com/products/117023.html,,,,,,,,
OTC/专科药品,家庭常备,http://search.km1818.com/10/operCateSearch.action?oid=2984,清热解毒,http://www.km1818.com/products/5666.html,,,,,,http://www.km1818.com/products/5666.html,,,,,,,,
OTC/专科药品,家庭常备,http://search.km1818.com/10/operCateSearch.action?oid=2984,清热解毒,http://www.km1818.com/products/5642.html,,,,,,http://www.km1818.com/products/5642.html,,,,,,,,
OTC/专科药品,家庭常备,http://search.km1818.com/10/operCateSearch.action?oid=2984,清热解毒,http://www.km1818.com/products/5637.html,,,,,,http://www.km1818.com/products/5637.html,,,,,,,,
OTC/专科药品,家庭常备,http://search.km1818.com/10/operCateSearch.action?oid=2984,清热解毒,http://www.km1818.com/products/5623.html,,,,,,http://www.km1818.com/products/5623.html,,,,,,,,
OTC/专科药品,家庭常备,http://search.km1818.com/10/operCateSearch.action?oid=2984,清热解毒,http://www.km1818.com/products/54249.html,,,,,,http://www.km1818.com/products/54249.html,,,,,,,,
OTC/专科药品,家庭常备,http://search.km1818.com/10/operCateSearch.action?oid=2984,清热解毒,http://www.km1818.com/products/42631.html,,,,,,http://www.km1818.com/products/42631.html,,,,,,,,
OTC/专科药品,家庭常备,http://search.km1818.com/10/operCateSearch.action?oid=2984,清热解毒,http://www.km1818.com/products/118012.html,,,,,,http://www.km1818.com/products/118012.html,,,,,,,,
OTC/专科药品,家庭常备,http://search.km1818.com/10/operCateSearch.action?oid=2984,清热解毒,http://www.km1818.com/products/117992.html,,,,,,http://www.km1818.com/products/117992.html,,,,,,,,
OTC/专科药品,家庭常备,http://search.km1818.com/10/operCateSearch.action?oid=2984,清热解毒,http://www.km1818.com/products/117376.html,,,,,,http://www.km1818.com/products/117376.html,,,,,,,,
营养保健,动/植/海洋生物精华,http://search.km1818.com/10/operCateSearch.action?oid=2629,亚麻籽油,http://www.km1818.com/products/35356.html,,,,,,http://www.km1818.com/products/35356.html,,,,,,,,
营养保健,动/植/海洋生物精华,http://search.km1818.com/10/operCateSearch.action?oid=2629,其他植物提取物,http://www.km1818.com/products/8829.html,,,,,,http://www.km1818.com/products/8829.html,,,,,,,,
营养保健,动/植/海洋生物精华,http://search.km1818.com/10/operCateSearch.action?oid=2629,大豆提取物,http://www.km1818.com/products/117043.html,,,,,,http://www.km1818.com/products/117043.html,,,,,,,,
营养保健,矿物质补充,http://search.km1818.com/10/operCateSearch.action?oid=2627,补锌,http://www.km1818.com/products/5485.html,,,,,,http://www.km1818.com/products/5485.html,,,,,,,,
OTC/专科药品,少儿科,http://search.km1818.com/10/operCateSearch.action?oid=14648,腹泻/便秘,http://www.km1818.com/products/38323.html,,,,,,http://www.km1818.com/products/38323.html,,,,,,,,
OTC/专科药品,少儿科,http://search.km1818.com/10/operCateSearch.action?oid=14648,腹泻/便秘,http://www.km1818.com/products/5581.html,,,,,,http://www.km1818.com/products/5581.html,,,,,,,,
OTC/专科药品,少儿科,http://search.km1818.com/10/operCateSearch.action?oid=14648,腹泻/便秘,http://www.km1818.com/products/55262.html,,,,,,http://www.km1818.com/products/55262.html,,,,,,,,
OTC/专科药品,少儿科,http://search.km1818.com/10/operCateSearch.action?oid=14648,腹泻/便秘,http://www.km1818.com/products/55261.html,,,,,,http://www.km1818.com/products/55261.html,,,,,,,,
OTC/专科药品,少儿科,http://search.km1818.com/10/operCateSearch.action?oid=14648,腹泻/便秘,http://www.km1818.com/products/38324.html,,,,,,http://www.km1818.com/products/38324.html,,,,,,,,
营养保健,维生素,http://search.km1818.com/10/operCateSearch.action?oid=2626,复合维生素,http://www.km1818.com/products/5474.html,,,,,,http://www.km1818.com/products/5474.html,,,,,,,,
营养保健,维生素,http://search.km1818.com/10/operCateSearch.action?oid=2626,复合维生素,http://www.km1818.com/products/38325.html,,,,,,http://www.km1818.com/products/38325.html,,,,,,,,
OTC/专科药品,心脑血管疾病,http://search.km1818.com/10/operCateSearch.action?oid=13617,中风用药/脑梗塞,http://www.km1818.com/products/117136.html,,,,,,http://www.km1818.com/products/117136.html,,,,,,,,
OTC/专科药品,少儿科,http://search.km1818.com/10/operCateSearch.action?oid=14648,腹泻/便秘,http://www.km1818.com/products/86682.html,,,,,,http://www.km1818.com/products/86682.html,,,,,,,,
营养保健,维生素,http://search.km1818.com/10/operCateSearch.action?oid=2626,复合维生素,http://www.km1818.com/products/16543.html,,,,,,http://www.km1818.com/products/16543.html,,,,,,,,
OTC/专科药品,少儿科,http://search.km1818.com/10/operCateSearch.action?oid=14648,湿疹,http://www.km1818.com/products/118038.html,,,,,,http://www.km1818.com/products/118038.html,,,,,,,,
OTC/专科药品,心脑血管疾病,http://search.km1818.com/10/operCateSearch.action?oid=13617,中风用药/脑梗塞,http://www.km1818.com/products/15037.html,,,,,,http://www.km1818.com/products/15037.html,,,,,,,,
OTC/专科药品,心脑血管疾病,http://search.km1818.com/10/operCateSearch.action?oid=13617,抗高血压药,http://www.km1818.com/products/108608.html,,,,,,http://www.km1818.com/products/108608.html,,,,,,,,
OTC/专科药品,心脑血管疾病,http://search.km1818.com/10/operCateSearch.action?oid=13617,抗心绞痛药,http://www.km1818.com/products/117052.html,,,,,,http://www.km1818.com/products/117052.html,,,,,,,,
OTC/专科药品,心脑血管疾病,http://search.km1818.com/10/operCateSearch.action?oid=13617,降血糖药,http://www.km1818.com/products/114465.html,,,,,,http://www.km1818.com/products/114465.html,,,,,,,,
OTC/专科药品,心脑血管疾病,http://search.km1818.com/10/operCateSearch.action?oid=13617,抗动脉粥样硬化药,http://www.km1818.com/products/117130.html,,,,,,http://www.km1818.com/products/117130.html,,,,,,,,
OTC/专科药品,心脑血管疾病,http://search.km1818.com/10/operCateSearch.action?oid=13617,血脂调节药,http://www.km1818.com/products/15048.html,,,,,,http://www.km1818.com/products/15048.html,,,,,,,,
OTC/专科药品,心脑血管疾病,http://search.km1818.com/10/operCateSearch.action?oid=13617,抗高血压药,http://www.km1818.com/products/117175.html,,,,,,http://www.km1818.com/products/117175.html,,,,,,,,
OTC/专科药品,心脑血管疾病,http://search.km1818.com/10/operCateSearch.action?oid=13617,抗动脉粥样硬化药,http://www.km1818.com/products/117216.html,,,,,,http://www.km1818.com/products/117216.html,,,,,,,,
OTC/专科药品,心脑血管疾病,http://search.km1818.com/10/operCateSearch.action?oid=13617,血脂调节药,http://www.km1818.com/products/35924.html,,,,,,http://www.km1818.com/products/35924.html,,,,,,,,
OTC/专科药品,心脑血管疾病,http://search.km1818.com/10/operCateSearch.action?oid=13617,抗高血压药,http://www.km1818.com/products/117226.html,,,,,,http://www.km1818.com/products/117226.html,,,,,,,,
OTC/专科药品,心脑血管疾病,http://search.km1818.com/10/operCateSearch.action?oid=13617,抗心绞痛药,http://www.km1818.com/products/14830.html,,,,,,http://www.km1818.com/products/14830.html,,,,,,,,
OTC/专科药品,心脑血管疾病,http://search.km1818.com/10/operCateSearch.action?oid=13617,降血糖药,http://www.km1818.com/products/15045.html,,,,,,http://www.km1818.com/products/15045.html,,,,,,,,
OTC/专科药品,心脑血管疾病,http://search.km1818.com/10/operCateSearch.action?oid=13617,降血糖药,http://www.km1818.com/products/15043.html,,,,,,http://www.km1818.com/products/15043.html,,,,,,,,
OTC/专科药品,心脑血管疾病,http://search.km1818.com/10/operCateSearch.action?oid=13617,降血糖药,http://www.km1818.com/products/15032.html,,,,,,http://www.km1818.com/products/15032.html,,,,,,,,
OTC/专科药品,妇产科,http://search.km1818.com/10/operCateSearch.action?oid=13636,妇科炎症,http://www.km1818.com/products/117258.html,,,,,,http://www.km1818.com/products/117258.html,,,,,,,,
OTC/专科药品,心脑血管疾病,http://search.km1818.com/10/operCateSearch.action?oid=13617,改善血液循环,http://www.km1818.com/products/35846.html,,,,,,http://www.km1818.com/products/35846.html,,,,,,,,
OTC/专科药品,心脑血管疾病,http://search.km1818.com/10/operCateSearch.action?oid=13617,抗高血压药,http://www.km1818.com/products/117132.html,,,,,,http://www.km1818.com/products/117132.html,,,,,,,,
OTC/专科药品,心脑血管疾病,http://search.km1818.com/10/operCateSearch.action?oid=13617,抗高血压药,http://www.km1818.com/products/15034.html,,,,,,http://www.km1818.com/products/15034.html,,,,,,,,
OTC/专科药品,心脑血管疾病,http://search.km1818.com/10/operCateSearch.action?oid=13617,抗高血压药,http://www.km1818.com/products/15029.html,,,,,,http://www.km1818.com/products/15029.html,,,,,,,,
OTC/专科药品,心脑血管疾病,http://search.km1818.com/10/operCateSearch.action?oid=13617,抗高血压药,http://www.km1818.com/products/14844.html,,,,,,http://www.km1818.com/products/14844.html,,,,,,,,
OTC/专科药品,心脑血管疾病,http://search.km1818.com/10/operCateSearch.action?oid=13617,抗高血压药,http://www.km1818.com/products/14829.html,,,,,,http://www.km1818.com/products/14829.html,,,,,,,,
OTC/专科药品,心脑血管疾病,http://search.km1818.com/10/operCateSearch.action?oid=13617,抗高血压药,http://www.km1818.com/products/14822.html,,,,,,http://www.km1818.com/products/14822.html,,,,,,,,
OTC/专科药品,心脑血管疾病,http://search.km1818.com/10/operCateSearch.action?oid=13617,抗高血压药,http://www.km1818.com/products/15042.html,,,,,,http://www.km1818.com/products/15042.html,,,,,,,,
OTC/专科药品,妇产科,http://search.km1818.com/10/operCateSearch.action?oid=13636,妇科炎症,http://www.km1818.com/products/7985.html,,,,,,http://www.km1818.com/products/7985.html,,,,,,,,
OTC/专科药品,妇产科,http://search.km1818.com/10/operCateSearch.action?oid=13636,妇科炎症,http://www.km1818.com/products/7984.html,,,,,,http://www.km1818.com/products/7984.html,,,,,,,,
OTC/专科药品,妇产科,http://search.km1818.com/10/operCateSearch.action?oid=13636,妇科炎症,http://www.km1818.com/products/54280.html,,,,,,http://www.km1818.com/products/54280.html,,,,,,,,
OTC/专科药品,妇产科,http://search.km1818.com/10/operCateSearch.action?oid=13636,妇科炎症,http://www.km1818.com/products/5259.html,,,,,,http://www.km1818.com/products/5259.html,,,,,,,,
OTC/专科药品,妇产科,http://search.km1818.com/10/operCateSearch.action?oid=13636,妇科炎症,http://www.km1818.com/products/5246.html,,,,,,http://www.km1818.com/products/5246.html,,,,,,,,
OTC/专科药品,男性科,http://search.km1818.com/10/operCateSearch.action?oid=13648,性功能障碍,http://www.km1818.com/products/114686.html,,,,,,http://www.km1818.com/products/114686.html,,,,,,,,
OTC/专科药品,男性科,http://search.km1818.com/10/operCateSearch.action?oid=13648,补肾,http://www.km1818.com/products/109688.html,,,,,,http://www.km1818.com/products/109688.html,,,,,,,,
OTC/专科药品,男性科,http://search.km1818.com/10/operCateSearch.action?oid=13648,性功能障碍,http://www.km1818.com/products/117314.html,,,,,,http://www.km1818.com/products/117314.html,,,,,,,,
OTC/专科药品,男性科,http://search.km1818.com/10/operCateSearch.action?oid=13648,性功能障碍,http://www.km1818.com/products/117229.html,,,,,,http://www.km1818.com/products/117229.html,,,,,,,,
OTC/专科药品,男性科,http://search.km1818.com/10/operCateSearch.action?oid=13648,性功能障碍,http://www.km1818.com/products/117210.html,,,,,,http://www.km1818.com/products/117210.html,,,,,,,,
OTC/专科药品,男性科,http://search.km1818.com/10/operCateSearch.action?oid=13648,性功能障碍,http://www.km1818.com/products/117179.html,,,,,,http://www.km1818.com/products/117179.html,,,,,,,,
OTC/专科药品,男性科,http://search.km1818.com/10/operCateSearch.action?oid=13648,性功能障碍,http://www.km1818.com/products/117178.html,,,,,,http://www.km1818.com/products/117178.html,,,,,,,,
OTC/专科药品,男性科,http://search.km1818.com/10/operCateSearch.action?oid=13648,性功能障碍,http://www.km1818.com/products/117128.html,,,,,,http://www.km1818.com/products/117128.html,,,,,,,,
OTC/专科药品,男性科,http://search.km1818.com/10/operCateSearch.action?oid=13648,性功能障碍,http://www.km1818.com/products/117316.html,,,,,,http://www.km1818.com/products/117316.html,,,,,,,,
OTC/专科药品,男性科,http://search.km1818.com/10/operCateSearch.action?oid=13648,性功能障碍,http://www.km1818.com/products/117315.html,,,,,,http://www.km1818.com/products/117315.html,,,,,,,,
OTC/专科药品,男性科,http://search.km1818.com/10/operCateSearch.action?oid=13648,补肾,http://www.km1818.com/products/117053.html,,,,,,http://www.km1818.com/products/117053.html,,,,,,,,
OTC/专科药品,男性科,http://search.km1818.com/10/operCateSearch.action?oid=13648,补肾,http://www.km1818.com/products/114340.html,,,,,,http://www.km1818.com/products/114340.html,,,,,,,,
OTC/专科药品,男性科,http://search.km1818.com/10/operCateSearch.action?oid=13648,补肾,http://www.km1818.com/products/113295.html,,,,,,http://www.km1818.com/products/113295.html,,,,,,,,
OTC/专科药品,男性科,http://search.km1818.com/10/operCateSearch.action?oid=13648,补肾,http://www.km1818.com/products/113294.html,,,,,,http://www.km1818.com/products/113294.html,,,,,,,,
OTC/专科药品,男性科,http://search.km1818.com/10/operCateSearch.action?oid=13648,补肾,http://www.km1818.com/products/113289.html,,,,,,http://www.km1818.com/products/113289.html,,,,,,,,
OTC/专科药品,男性科,http://search.km1818.com/10/operCateSearch.action?oid=13648,补肾,http://www.km1818.com/products/113288.html,,,,,,http://www.km1818.com/products/113288.html,,,,,,,,
OTC/专科药品,男性科,http://search.km1818.com/10/operCateSearch.action?oid=13648,补肾,http://www.km1818.com/products/45989.html,,,,,,http://www.km1818.com/products/45989.html,,,,,,,,
OTC/专科药品,男性科,http://search.km1818.com/10/operCateSearch.action?oid=13648,补肾,http://www.km1818.com/products/45983.html,,,,,,http://www.km1818.com/products/45983.html,,,,,,,,
OTC/专科药品,男性科,http://search.km1818.com/10/operCateSearch.action?oid=13648,补肾,http://www.km1818.com/products/5075.html,,,,,,http://www.km1818.com/products/5075.html,,,,,,,,
OTC/专科药品,男性科,http://search.km1818.com/10/operCateSearch.action?oid=13648,补肾,http://www.km1818.com/products/45977.html,,,,,,http://www.km1818.com/products/45977.html,,,,,,,,
OTC/专科药品,男性科,http://search.km1818.com/10/operCateSearch.action?oid=13648,补肾,http://www.km1818.com/products/117251.html,,,,,,http://www.km1818.com/products/117251.html,,,,,,,,
OTC/专科药品,男性科,http://search.km1818.com/10/operCateSearch.action?oid=13648,补肾,http://www.km1818.com/products/117066.html,,,,,,http://www.km1818.com/products/117066.html,,,,,,,,
OTC/专科药品,男性科,http://search.km1818.com/10/operCateSearch.action?oid=13648,补肾,http://www.km1818.com/products/113287.html,,,,,,http://www.km1818.com/products/113287.html,,,,,,,,
OTC/专科药品,男性科,http://search.km1818.com/10/operCateSearch.action?oid=13648,补肾,http://www.km1818.com/products/113286.html,,,,,,http://www.km1818.com/products/113286.html,,,,,,,,
OTC/专科药品,男性科,http://search.km1818.com/10/operCateSearch.action?oid=13648,补肾,http://www.km1818.com/products/113282.html,,,,,,http://www.km1818.com/products/113282.html,,,,,,,,
OTC/专科药品,妇产科,http://search.km1818.com/10/operCateSearch.action?oid=13636,月经不调/痛经,http://www.km1818.com/products/76881.html,,,,,,http://www.km1818.com/products/76881.html,,,,,,,,
OTC/专科药品,妇产科,http://search.km1818.com/10/operCateSearch.action?oid=13636,月经不调/痛经,http://www.km1818.com/products/56929.html,,,,,,http://www.km1818.com/products/56929.html,,,,,,,,
OTC/专科药品,妇产科,http://search.km1818.com/10/operCateSearch.action?oid=13636,月经不调/痛经,http://www.km1818.com/products/5680.html,,,,,,http://www.km1818.com/products/5680.html,,,,,,,,
OTC/专科药品,妇产科,http://search.km1818.com/10/operCateSearch.action?oid=13636,月经不调/痛经,http://www.km1818.com/products/5264.html,,,,,,http://www.km1818.com/products/5264.html,,,,,,,,
OTC/专科药品,男性科,http://search.km1818.com/10/operCateSearch.action?oid=13648,补肾,http://www.km1818.com/products/113270.html,,,,,,http://www.km1818.com/products/113270.html,,,,,,,,
OTC/专科药品,男性科,http://search.km1818.com/10/operCateSearch.action?oid=13648,补肾,http://www.km1818.com/products/113249.html,,,,,,http://www.km1818.com/products/113249.html,,,,,,,,
OTC/专科药品,男性科,http://search.km1818.com/10/operCateSearch.action?oid=13648,补肾,http://www.km1818.com/products/113240.html,,,,,,http://www.km1818.com/products/113240.html,,,,,,,,
OTC/专科药品,男性科,http://search.km1818.com/10/operCateSearch.action?oid=13648,补肾,http://www.km1818.com/products/113226.html,,,,,,http://www.km1818.com/products/113226.html,,,,,,,,
OTC/专科药品,男性科,http://search.km1818.com/10/operCateSearch.action?oid=13648,前列腺炎,http://www.km1818.com/products/27324.html,,,,,,http://www.km1818.com/products/27324.html,,,,,,,,
OTC/专科药品,男性科,http://search.km1818.com/10/operCateSearch.action?oid=13648,前列腺炎,http://www.km1818.com/products/27305.html,,,,,,http://www.km1818.com/products/27305.html,,,,,,,,
OTC/专科药品,男性科,http://search.km1818.com/10/operCateSearch.action?oid=13648,前列腺炎,http://www.km1818.com/products/27223.html,,,,,,http://www.km1818.com/products/27223.html,,,,,,,,
OTC/专科药品,妇产科,http://search.km1818.com/10/operCateSearch.action?oid=13636,月经不调/痛经,http://www.km1818.com/products/5258.html,,,,,,http://www.km1818.com/products/5258.html,,,,,,,,
OTC/专科药品,妇产科,http://search.km1818.com/10/operCateSearch.action?oid=13636,月经不调/痛经,http://www.km1818.com/products/5257.html,,,,,,http://www.km1818.com/products/5257.html,,,,,,,,
OTC/专科药品,妇产科,http://search.km1818.com/10/operCateSearch.action?oid=13636,月经不调/痛经,http://www.km1818.com/products/5252.html,,,,,,http://www.km1818.com/products/5252.html,,,,,,,,
OTC/专科药品,妇产科,http://search.km1818.com/10/operCateSearch.action?oid=13636,月经不调/痛经,http://www.km1818.com/products/5244.html,,,,,,http://www.km1818.com/products/5244.html,,,,,,,,
OTC/专科药品,妇产科,http://search.km1818.com/10/operCateSearch.action?oid=13636,妇科炎症,http://www.km1818.com/products/7987.html,,,,,,http://www.km1818.com/products/7987.html,,,,,,,,
OTC/专科药品,妇产科,http://search.km1818.com/10/operCateSearch.action?oid=13636,妇科炎症,http://www.km1818.com/products/7986.html,,,,,,http://www.km1818.com/products/7986.html,,,,,,,,
OTC/专科药品,男性科,http://search.km1818.com/10/operCateSearch.action?oid=13648,前列腺炎,http://www.km1818.com/products/117276.html,,,,,,http://www.km1818.com/products/117276.html,,,,,,,,
OTC/专科药品,妇产科,http://search.km1818.com/10/operCateSearch.action?oid=13636,妇科外用药,http://www.km1818.com/products/5243.html,,,,,,http://www.km1818.com/products/5243.html,,,,,,,,
OTC/专科药品,妇产科,http://search.km1818.com/10/operCateSearch.action?oid=13636,妇科外用药,http://www.km1818.com/products/116035.html,,,,,,http://www.km1818.com/products/116035.html,,,,,,,,
OTC/专科药品,妇产科,http://search.km1818.com/10/operCateSearch.action?oid=13636,月经不调/痛经,http://www.km1818.com/products/117259.html,,,,,,http://www.km1818.com/products/117259.html,,,,,,,,
OTC/专科药品,妇产科,http://search.km1818.com/10/operCateSearch.action?oid=13636,月经不调/痛经,http://www.km1818.com/products/116933.html,,,,,,http://www.km1818.com/products/116933.html,,,,,,,,
OTC/专科药品,妇产科,http://search.km1818.com/10/operCateSearch.action?oid=13636,月经不调/痛经,http://www.km1818.com/products/116932.html,,,,,,http://www.km1818.com/products/116932.html,,,,,,,,
OTC/专科药品,妇产科,http://search.km1818.com/10/operCateSearch.action?oid=13636,月经不调/痛经,http://www.km1818.com/products/116931.html,,,,,,http://www.km1818.com/products/116931.html,,,,,,,,
OTC/专科药品,妇产科,http://search.km1818.com/10/operCateSearch.action?oid=13636,月经不调/痛经,http://www.km1818.com/products/116930.html,,,,,,http://www.km1818.com/products/116930.html,,,,,,,,
OTC/专科药品,妇产科,http://search.km1818.com/10/operCateSearch.action?oid=13636,妇科炎症,http://www.km1818.com/products/5220.html,,,,,,http://www.km1818.com/products/5220.html,,,,,,,,
OTC/专科药品,妇产科,http://search.km1818.com/10/operCateSearch.action?oid=13636,妇科外用药,http://www.km1818.com/products/110620.html,,,,,,http://www.km1818.com/products/110620.html,,,,,,,,
OTC/专科药品,妇产科,http://search.km1818.com/10/operCateSearch.action?oid=13636,月经不调/痛经,http://www.km1818.com/products/107637.html,,,,,,http://www.km1818.com/products/107637.html,,,,,,,,
OTC/专科药品,心脑血管疾病,http://search.km1818.com/10/operCateSearch.action?oid=13617,抗高血压药,http://www.km1818.com/products/117272.html,,,,,,http://www.km1818.com/products/117272.html,,,,,,,,
OTC/专科药品,心脑血管疾病,http://search.km1818.com/10/operCateSearch.action?oid=13617,抗高血压药,http://www.km1818.com/products/117254.html,,,,,,http://www.km1818.com/products/117254.html,,,,,,,,
OTC/专科药品,心脑血管疾病,http://search.km1818.com/10/operCateSearch.action?oid=13617,抗高血压药,http://www.km1818.com/products/117227.html,,,,,,http://www.km1818.com/products/117227.html,,,,,,,,
OTC/专科药品,妇产科,http://search.km1818.com/10/operCateSearch.action?oid=13636,妇科炎症,http://www.km1818.com/products/117263.html,,,,,,http://www.km1818.com/products/117263.html,,,,,,,,
OTC/专科药品,心脑血管疾病,http://search.km1818.com/10/operCateSearch.action?oid=13617,抗高血压药,http://www.km1818.com/products/115998.html,,,,,,http://www.km1818.com/products/115998.html,,,,,,,,
OTC/专科药品,心脑血管疾病,http://search.km1818.com/10/operCateSearch.action?oid=13617,抗高血压药,http://www.km1818.com/products/115989.html,,,,,,http://www.km1818.com/products/115989.html,,,,,,,,
OTC/专科药品,心脑血管疾病,http://search.km1818.com/10/operCateSearch.action?oid=13617,抗高血压药,http://www.km1818.com/products/115988.html,,,,,,http://www.km1818.com/products/115988.html,,,,,,,,
OTC/专科药品,心脑血管疾病,http://search.km1818.com/10/operCateSearch.action?oid=13617,抗心绞痛药,http://www.km1818.com/products/14762.html,,,,,,http://www.km1818.com/products/14762.html,,,,,,,,
OTC/专科药品,心脑血管疾病,http://search.km1818.com/10/operCateSearch.action?oid=13617,抗心绞痛药,http://www.km1818.com/products/117135.html,,,,,,http://www.km1818.com/products/117135.html,,,,,,,,
OTC/专科药品,心脑血管疾病,http://search.km1818.com/10/operCateSearch.action?oid=13617,抗心绞痛药,http://www.km1818.com/products/117131.html,,,,,,http://www.km1818.com/products/117131.html,,,,,,,,
OTC/专科药品,心脑血管疾病,http://search.km1818.com/10/operCateSearch.action?oid=13617,抗心绞痛药,http://www.km1818.com/products/117124.html,,,,,,http://www.km1818.com/products/117124.html,,,,,,,,
OTC/专科药品,心脑血管疾病,http://search.km1818.com/10/operCateSearch.action?oid=13617,降血糖药,http://www.km1818.com/products/14864.html,,,,,,http://www.km1818.com/products/14864.html,,,,,,,,
OTC/专科药品,心脑血管疾病,http://search.km1818.com/10/operCateSearch.action?oid=13617,降血糖药,http://www.km1818.com/products/14832.html,,,,,,http://www.km1818.com/products/14832.html,,,,,,,,
OTC/专科药品,心脑血管疾病,http://search.km1818.com/10/operCateSearch.action?oid=13617,降血糖药,http://www.km1818.com/products/14760.html,,,,,,http://www.km1818.com/products/14760.html,,,,,,,,
OTC/专科药品,心脑血管疾病,http://search.km1818.com/10/operCateSearch.action?oid=13617,降血糖药,http://www.km1818.com/products/114488.html,,,,,,http://www.km1818.com/products/114488.html,,,,,,,,
OTC/专科药品,心脑血管疾病,http://search.km1818.com/10/operCateSearch.action?oid=13617,降血糖药,http://www.km1818.com/products/114473.html,,,,,,http://www.km1818.com/products/114473.html,,,,,,,,
OTC/专科药品,慢性病用药,http://search.km1818.com/10/operCateSearch.action?oid=14639,慢性肝炎,http://www.km1818.com/products/117123.html,,,,,,http://www.km1818.com/products/117123.html,,,,,,,,
OTC/专科药品,慢性病用药,http://search.km1818.com/10/operCateSearch.action?oid=14639,慢性肝炎,http://www.km1818.com/products/117277.html,,,,,,http://www.km1818.com/products/117277.html,,,,,,,,
OTC/专科药品,慢性病用药,http://search.km1818.com/10/operCateSearch.action?oid=14639,慢性肝炎,http://www.km1818.com/products/117242.html,,,,,,http://www.km1818.com/products/117242.html,,,,,,,,
OTC/专科药品,慢性病用药,http://search.km1818.com/10/operCateSearch.action?oid=14639,慢性肝炎,http://www.km1818.com/products/117211.html,,,,,,http://www.km1818.com/products/117211.html,,,,,,,,
OTC/专科药品,慢性病用药,http://search.km1818.com/10/operCateSearch.action?oid=14639,慢性肝炎,http://www.km1818.com/products/117177.html,,,,,,http://www.km1818.com/products/117177.html,,,,,,,,
OTC/专科药品,慢性病用药,http://search.km1818.com/10/operCateSearch.action?oid=14639,慢性肝炎,http://www.km1818.com/products/117127.html,,,,,,http://www.km1818.com/products/117127.html,,,,,,,,
OTC/专科药品,慢性病用药,http://search.km1818.com/10/operCateSearch.action?oid=14639,慢性肝炎,http://www.km1818.com/products/117126.html,,,,,,http://www.km1818.com/products/117126.html,,,,,,,,
OTC/专科药品,皮肤科,http://search.km1818.com/10/operCateSearch.action?oid=14696,体癣,http://www.km1818.com/products/117232.html,,,,,,http://www.km1818.com/products/117232.html,,,,,,,,
OTC/专科药品,皮肤科,http://search.km1818.com/10/operCateSearch.action?oid=14696,体癣,http://www.km1818.com/products/5335.html,,,,,,http://www.km1818.com/products/5335.html,,,,,,,,
OTC/专科药品,皮肤科,http://search.km1818.com/10/operCateSearch.action?oid=14696,体癣,http://www.km1818.com/products/5327.html,,,,,,http://www.km1818.com/products/5327.html,,,,,,,,
OTC/专科药品,皮肤科,http://search.km1818.com/10/operCateSearch.action?oid=14696,体癣,http://www.km1818.com/products/5420.html,,,,,,http://www.km1818.com/products/5420.html,,,,,,,,
OTC/专科药品,皮肤科,http://search.km1818.com/10/operCateSearch.action?oid=14696,体癣,http://www.km1818.com/products/5406.html,,,,,,http://www.km1818.com/products/5406.html,,,,,,,,
OTC/专科药品,皮肤科,http://search.km1818.com/10/operCateSearch.action?oid=14696,体癣,http://www.km1818.com/products/5402.html,,,,,,http://www.km1818.com/products/5402.html,,,,,,,,
OTC/专科药品,皮肤科,http://search.km1818.com/10/operCateSearch.action?oid=14696,体癣,http://www.km1818.com/products/5368.html,,,,,,http://www.km1818.com/products/5368.html,,,,,,,,
OTC/专科药品,皮肤科,http://search.km1818.com/10/operCateSearch.action?oid=14696,体癣,http://www.km1818.com/products/8689.html,,,,,,http://www.km1818.com/products/8689.html,,,,,,,,
OTC/专科药品,皮肤科,http://search.km1818.com/10/operCateSearch.action?oid=14696,体癣,http://www.km1818.com/products/8688.html,,,,,,http://www.km1818.com/products/8688.html,,,,,,,,
OTC/专科药品,皮肤科,http://search.km1818.com/10/operCateSearch.action?oid=14696,体癣,http://www.km1818.com/products/77530.html,,,,,,http://www.km1818.com/products/77530.html,,,,,,,,
OTC/专科药品,皮肤科,http://search.km1818.com/10/operCateSearch.action?oid=14696,体癣,http://www.km1818.com/products/55298.html,,,,,,http://www.km1818.com/products/55298.html,,,,,,,,
OTC/专科药品,皮肤科,http://search.km1818.com/10/operCateSearch.action?oid=14696,体癣,http://www.km1818.com/products/55250.html,,,,,,http://www.km1818.com/products/55250.html,,,,,,,,
OTC/专科药品,皮肤科,http://search.km1818.com/10/operCateSearch.action?oid=14696,体癣,http://www.km1818.com/products/5449.html,,,,,,http://www.km1818.com/products/5449.html,,,,,,,,
OTC/专科药品,皮肤科,http://search.km1818.com/10/operCateSearch.action?oid=14696,体癣,http://www.km1818.com/products/5443.html,,,,,,http://www.km1818.com/products/5443.html,,,,,,,,
OTC/专科药品,皮肤科,http://search.km1818.com/10/operCateSearch.action?oid=14696,体癣,http://www.km1818.com/products/5441.html,,,,,,http://www.km1818.com/products/5441.html,,,,,,,,
OTC/专科药品,皮肤科,http://search.km1818.com/10/operCateSearch.action?oid=14696,体癣,http://www.km1818.com/products/5428.html,,,,,,http://www.km1818.com/products/5428.html,,,,,,,,
OTC/专科药品,皮肤科,http://search.km1818.com/10/operCateSearch.action?oid=14696,体癣,http://www.km1818.com/products/54255.html,,,,,,http://www.km1818.com/products/54255.html,,,,,,,,
OTC/专科药品,呼吸科/肠胃科,http://search.km1818.com/10/operCateSearch.action?oid=2995,止咳平喘,http://www.km1818.com/products/116520.html,,,,,,http://www.km1818.com/products/116520.html,,,,,,,,
OTC/专科药品,呼吸科/肠胃科,http://search.km1818.com/10/operCateSearch.action?oid=2995,止咳平喘,http://www.km1818.com/products/55288.html,,,,,,http://www.km1818.com/products/55288.html,,,,,,,,
OTC/专科药品,呼吸科/肠胃科,http://search.km1818.com/10/operCateSearch.action?oid=2995,止咳平喘,http://www.km1818.com/products/5300.html,,,,,,http://www.km1818.com/products/5300.html,,,,,,,,
OTC/专科药品,呼吸科/肠胃科,http://search.km1818.com/10/operCateSearch.action?oid=2995,止咳平喘,http://www.km1818.com/products/5289.html,,,,,,http://www.km1818.com/products/5289.html,,,,,,,,
OTC/专科药品,呼吸科/肠胃科,http://search.km1818.com/10/operCateSearch.action?oid=2995,止咳平喘,http://www.km1818.com/products/5285.html,,,,,,http://www.km1818.com/products/5285.html,,,,,,,,
OTC/专科药品,风湿骨科,http://search.km1818.com/10/operCateSearch.action?oid=14657,风湿骨痛,http://www.km1818.com/products/107649.html,,,,,,http://www.km1818.com/products/107649.html,,,,,,,,
OTC/专科药品,呼吸科/肠胃科,http://search.km1818.com/10/operCateSearch.action?oid=2995,便秘排毒,http://www.km1818.com/products/117102.html,,,,,,http://www.km1818.com/products/117102.html,,,,,,,,
OTC/专科药品,风湿骨科,http://search.km1818.com/10/operCateSearch.action?oid=14657,风湿骨痛,http://www.km1818.com/products/70426.html,,,,,,http://www.km1818.com/products/70426.html,,,,,,,,
OTC/专科药品,风湿骨科,http://search.km1818.com/10/operCateSearch.action?oid=14657,风湿骨痛,http://www.km1818.com/products/5448.html,,,,,,http://www.km1818.com/products/5448.html,,,,,,,,
OTC/专科药品,风湿骨科,http://search.km1818.com/10/operCateSearch.action?oid=14657,风湿骨痛,http://www.km1818.com/products/5444.html,,,,,,http://www.km1818.com/products/5444.html,,,,,,,,
OTC/专科药品,风湿骨科,http://search.km1818.com/10/operCateSearch.action?oid=14657,风湿骨痛,http://www.km1818.com/products/5411.html,,,,,,http://www.km1818.com/products/5411.html,,,,,,,,
OTC/专科药品,呼吸科/肠胃科,http://search.km1818.com/10/operCateSearch.action?oid=2995,便秘排毒,http://www.km1818.com/products/117241.html,,,,,,http://www.km1818.com/products/117241.html,,,,,,,,
OTC/专科药品,呼吸科/肠胃科,http://search.km1818.com/10/operCateSearch.action?oid=2995,便秘排毒,http://www.km1818.com/products/117237.html,,,,,,http://www.km1818.com/products/117237.html,,,,,,,,
OTC/专科药品,呼吸科/肠胃科,http://search.km1818.com/10/operCateSearch.action?oid=2995,便秘排毒,http://www.km1818.com/products/5027.html,,,,,,http://www.km1818.com/products/5027.html,,,,,,,,
OTC/专科药品,呼吸科/肠胃科,http://search.km1818.com/10/operCateSearch.action?oid=2995,便秘排毒,http://www.km1818.com/products/5025.html,,,,,,http://www.km1818.com/products/5025.html,,,,,,,,
OTC/专科药品,呼吸科/肠胃科,http://search.km1818.com/10/operCateSearch.action?oid=2995,中药养胃,http://www.km1818.com/products/4990.html,,,,,,http://www.km1818.com/products/4990.html,,,,,,,,
OTC/专科药品,呼吸科/肠胃科,http://search.km1818.com/10/operCateSearch.action?oid=2995,中药养胃,http://www.km1818.com/products/42641.html,,,,,,http://www.km1818.com/products/42641.html,,,,,,,,
OTC/专科药品,呼吸科/肠胃科,http://search.km1818.com/10/operCateSearch.action?oid=2995,中药养胃,http://www.km1818.com/products/117417.html,,,,,,http://www.km1818.com/products/117417.html,,,,,,,,
OTC/专科药品,呼吸科/肠胃科,http://search.km1818.com/10/operCateSearch.action?oid=2995,便秘排毒,http://www.km1818.com/products/5446.html,,,,,,http://www.km1818.com/products/5446.html,,,,,,,,
OTC/专科药品,呼吸科/肠胃科,http://search.km1818.com/10/operCateSearch.action?oid=2995,便秘排毒,http://www.km1818.com/products/5102.html,,,,,,http://www.km1818.com/products/5102.html,,,,,,,,
OTC/专科药品,呼吸科/肠胃科,http://search.km1818.com/10/operCateSearch.action?oid=2995,中药养胃,http://www.km1818.com/products/8022.html,,,,,,http://www.km1818.com/products/8022.html,,,,,,,,
OTC/专科药品,呼吸科/肠胃科,http://search.km1818.com/10/operCateSearch.action?oid=2995,中药养胃,http://www.km1818.com/products/4996.html,,,,,,http://www.km1818.com/products/4996.html,,,,,,,,
OTC/专科药品,呼吸科/肠胃科,http://search.km1818.com/10/operCateSearch.action?oid=2995,中药养胃,http://www.km1818.com/products/8160.html,,,,,,http://www.km1818.com/products/8160.html,,,,,,,,
OTC/专科药品,呼吸科/肠胃科,http://search.km1818.com/10/operCateSearch.action?oid=2995,中药养胃,http://www.km1818.com/products/8102.html,,,,,,http://www.km1818.com/products/8102.html,,,,,,,,
